cluster_key,survivor_id,survivor_name,old_id,old_name,brand,category,weight,extracted_color,extracted_sizes,recipe_refs,inventory_refs
"thread||utc||ultra thread 70||70 denier",bcebe462-7942-4f65-bdd1-3afb328e3231,"Ultra Thread 70",070d9ae6-5185-4f79-a2ae-32e7f8ca80c2,"Ultra Thread 70 Yellow",UTC,thread,"70 denier","Yellow","70 denier",0,0
"thread||utc||ultra thread 70||70 denier",bcebe462-7942-4f65-bdd1-3afb328e3231,"Ultra Thread 70",18f728f0-26fb-4b9b-a2c4-96780922e596,"Ultra Thread 70 Red",UTC,thread,"70 denier","Red","70 denier",0,0
"thread||utc||ultra thread 70||70 denier",bcebe462-7942-4f65-bdd1-3afb328e3231,"Ultra Thread 70",2364b00f-66b5-49da-82ae-6c4a30aa9558,"Ultra Thread 70 Burnt Orange",UTC,thread,"70 denier","burnt orange","70 denier",0,0
"thread||utc||ultra thread 70||70 denier",bcebe462-7942-4f65-bdd1-3afb328e3231,"Ultra Thread 70",30a3bf99-9af0-4194-b855-33d0c71d711f,"Ultra Thread 70 Dark Gray",UTC,thread,"70 denier","dark gray","70 denier",0,0
"thread||utc||ultra thread 70||70 denier",bcebe462-7942-4f65-bdd1-3afb328e3231,"Ultra Thread 70",35d23b01-3209-4a29-8af6-97f529d99d31,"Ultra Thread 70 Wood Duck",UTC,thread,"70 denier","Wood Duck","70 denier",0,0
"thread||utc||ultra thread 70||70 denier",bcebe462-7942-4f65-bdd1-3afb328e3231,"Ultra Thread 70",3a0ec304-4240-4684-8d9f-5eb04c05c8a4,"Ultra Thread 70 Gray",UTC,thread,"70 denier","Gray","70 denier",0,0
"thread||utc||ultra thread 70||70 denier",bcebe462-7942-4f65-bdd1-3afb328e3231,"Ultra Thread 70",3e3273fa-f958-48bd-9d6f-d06403531b4a,"Ultra Thread 70 Fl. Shell Pink",UTC,thread,"70 denier","fl. shell pink","70 denier",0,0
"thread||utc||ultra thread 70||70 denier",bcebe462-7942-4f65-bdd1-3afb328e3231,"Ultra Thread 70",3f98e0e2-8f4d-4edb-b17a-3c141e2e879e,"Ultra Thread 70 Dark Brown",UTC,thread,"70 denier","dark brown","70 denier",0,0
"thread||utc||ultra thread 70||70 denier",bcebe462-7942-4f65-bdd1-3afb328e3231,"Ultra Thread 70",407f09d7-15d5-4881-9f38-fa34b4c17b70,"Ultra Thread 70 Fl. Pink",UTC,thread,"70 denier","fl. pink","70 denier",0,0
"thread||utc||ultra thread 70||70 denier",bcebe462-7942-4f65-bdd1-3afb328e3231,"Ultra Thread 70",42869338-4c2b-4118-9828-9be2cae5fd1d,"Ultra Thread 70 Gray Brown",UTC,thread,"70 denier","gray brown","70 denier",0,0
"thread||utc||ultra thread 70||70 denier",bcebe462-7942-4f65-bdd1-3afb328e3231,"Ultra Thread 70",4cb69d4e-16ac-4f59-81ba-32ef34489ab7,"Ultra Thread 70 Blue Dun",UTC,thread,"70 denier","blue dun","70 denier",0,0
"thread||utc||ultra thread 70||70 denier",bcebe462-7942-4f65-bdd1-3afb328e3231,"Ultra Thread 70",52053dca-9c4c-4e4a-9a64-9917e730ae85,"Ultra Thread 70 Olive Green",UTC,thread,"70 denier","olive green","70 denier",0,0
"thread||utc||ultra thread 70||70 denier",bcebe462-7942-4f65-bdd1-3afb328e3231,"Ultra Thread 70",5885b122-e075-400f-bf2f-1ce6559bf4b4,"Ultra Thread 70 Brown Olive",UTC,thread,"70 denier","brown olive","70 denier",0,0
"thread||utc||ultra thread 70||70 denier",bcebe462-7942-4f65-bdd1-3afb328e3231,"Ultra Thread 70",59871a27-a495-4fc2-9a82-05f1dfe17444,"Ultra Thread 70 Fl. White",UTC,thread,"70 denier","fl. white","70 denier",0,0
"thread||utc||ultra thread 70||70 denier",bcebe462-7942-4f65-bdd1-3afb328e3231,"Ultra Thread 70",59fb4acc-4d38-4aa0-a157-ea2652389665,"Ultra Thread 70 Watery Olive",UTC,thread,"70 denier","watery olive","70 denier",0,0
"thread||utc||ultra thread 70||70 denier",bcebe462-7942-4f65-bdd1-3afb328e3231,"Ultra Thread 70",5a8f6e67-d8a5-474e-8e4c-400e8af9b46c,"Ultra Thread 70 Fluorescent Pink",UTC,thread,"70 denier","Fluorescent Pink","70 denier",0,0
"thread||utc||ultra thread 70||70 denier",bcebe462-7942-4f65-bdd1-3afb328e3231,"Ultra Thread 70",6138e3b8-1fb0-4a87-b3b1-510bc43754da,"Ultra Thread 70 Black",UTC,thread,"70 denier","Black","70 denier",0,0
"thread||utc||ultra thread 70||70 denier",bcebe462-7942-4f65-bdd1-3afb328e3231,"Ultra Thread 70",68dab9f9-5a25-4ed7-b31c-cff13e63a0e1,"Ultra Thread 70 Hot Orange",UTC,thread,"70 denier","Hot Orange","70 denier",0,0
"thread||utc||ultra thread 70||70 denier",bcebe462-7942-4f65-bdd1-3afb328e3231,"Ultra Thread 70",69ae3ec1-9d7a-4efa-bd29-5ac047021072,"Ultra Thread 70 Dark Olive",UTC,thread,"70 denier","dark olive","70 denier",0,0
"thread||utc||ultra thread 70||70 denier",bcebe462-7942-4f65-bdd1-3afb328e3231,"Ultra Thread 70",7b30d02c-d8bf-4d5d-9da2-b21cb6efd71f,"Ultra Thread 70 Fl. Orange",UTC,thread,"70 denier","fl. orange","70 denier",0,0
"thread||utc||ultra thread 70||70 denier",bcebe462-7942-4f65-bdd1-3afb328e3231,"Ultra Thread 70",7d75f2ab-b60f-424a-b8d8-445d21ec9621,"Ultra Thread 70 Yellow Olive",UTC,thread,"70 denier","yellow olive","70 denier",0,0
"thread||utc||ultra thread 70||70 denier",bcebe462-7942-4f65-bdd1-3afb328e3231,"Ultra Thread 70",8234e062-4ce9-4b9f-bc6e-9d9f4eb2e81d,"Ultra Thread 70 Hopper Yellow",UTC,thread,"70 denier","hopper yellow","70 denier",0,0
"thread||utc||ultra thread 70||70 denier",bcebe462-7942-4f65-bdd1-3afb328e3231,"Ultra Thread 70",84c41f3c-a567-4697-95d1-35a8bb6d4e3b,"Ultra Thread 70 Tan",UTC,thread,"70 denier","Tan","70 denier",0,0
"thread||utc||ultra thread 70||70 denier",bcebe462-7942-4f65-bdd1-3afb328e3231,"Ultra Thread 70",878eaf7d-2585-450a-9332-24a68711e77c,"Ultra Thread 70 Rusty Brown",UTC,thread,"70 denier","Rusty Brown","70 denier",0,0
"thread||utc||ultra thread 70||70 denier",bcebe462-7942-4f65-bdd1-3afb328e3231,"Ultra Thread 70",898aa393-49e3-4661-828e-c33da9c8aa98,"Ultra Thread 70 Peacock Blue",UTC,thread,"70 denier","peacock blue","70 denier",0,0
"thread||utc||ultra thread 70||70 denier",bcebe462-7942-4f65-bdd1-3afb328e3231,"Ultra Thread 70",8cd0b580-8003-43d3-822d-d536829a422d,"Ultra Thread 70 Purple",UTC,thread,"70 denier","purple","70 denier",0,0
"thread||utc||ultra thread 70||70 denier",bcebe462-7942-4f65-bdd1-3afb328e3231,"Ultra Thread 70",9b750bc4-4952-47ea-b179-c7b6b5ab3fce,"Ultra Thread 70 Fluorescent Chartreuse",UTC,thread,"70 denier","Fluorescent Chartreuse","70 denier",0,0
"thread||utc||ultra thread 70||70 denier",bcebe462-7942-4f65-bdd1-3afb328e3231,"Ultra Thread 70",9f36db49-6989-4110-aca4-916cd83a47b7,"Ultra Thread 70 Brown",UTC,thread,"70 denier","Brown","70 denier",0,0
"thread||utc||ultra thread 70||70 denier",bcebe462-7942-4f65-bdd1-3afb328e3231,"Ultra Thread 70",a0e147ad-f040-4867-b8d2-ade3c4a00a59,"Ultra Thread 70 Cream",UTC,thread,"70 denier","Cream","70 denier",0,0
"thread||utc||ultra thread 70||70 denier",bcebe462-7942-4f65-bdd1-3afb328e3231,"Ultra Thread 70",a8356ad4-b47e-4c9e-8ae3-51c81478dfee,"Ultra Thread 70 Fl. Fire Orange",UTC,thread,"70 denier","fl. fire orange","70 denier",0,0
"thread||utc||ultra thread 70||70 denier",bcebe462-7942-4f65-bdd1-3afb328e3231,"Ultra Thread 70",ae815d66-6f03-42d2-9a0a-15adafac32a4,"Ultra Thread 70 Fl. Chartreuse",UTC,thread,"70 denier","fl. chartreuse","70 denier",0,0
"thread||utc||ultra thread 70||70 denier",bcebe462-7942-4f65-bdd1-3afb328e3231,"Ultra Thread 70",b20297cd-d1c5-46a3-b636-a11fb98ee2b7,"Ultra Thread 70 Camel",UTC,thread,"70 denier","Camel","70 denier",0,0
"thread||utc||ultra thread 70||70 denier",bcebe462-7942-4f65-bdd1-3afb328e3231,"Ultra Thread 70",bcebe462-7942-4f65-bdd1-3afb328e3231,"Ultra Thread 70 Chartreuse",UTC,thread,"70 denier","chartreuse","70 denier",0,0
"thread||utc||ultra thread 70||70 denier",bcebe462-7942-4f65-bdd1-3afb328e3231,"Ultra Thread 70",d3011ba9-6652-4f6b-9c5d-d0fa72ec09ef,"Ultra Thread 70 Fl. Yellow",UTC,thread,"70 denier","fl. yellow","70 denier",0,0
"thread||utc||ultra thread 70||70 denier",bcebe462-7942-4f65-bdd1-3afb328e3231,"Ultra Thread 70",dc7e7d27-d412-4bd1-b884-237dad388342,"Ultra Thread 70 Olive",UTC,thread,"70 denier","Olive","70 denier",0,0
"thread||utc||ultra thread 70||70 denier",bcebe462-7942-4f65-bdd1-3afb328e3231,"Ultra Thread 70",e50776e0-b356-44c2-88a3-a623c29c8ef9,"Ultra Thread 70 Fl. Green",UTC,thread,"70 denier","fl. green","70 denier",0,0
"thread||utc||ultra thread 70||70 denier",bcebe462-7942-4f65-bdd1-3afb328e3231,"Ultra Thread 70",e5d8e7ca-8a37-4582-93bb-318795520e80,"Ultra Thread 70 Orange",UTC,thread,"70 denier","orange","70 denier",0,0
"thread||utc||ultra thread 70||70 denier",bcebe462-7942-4f65-bdd1-3afb328e3231,"Ultra Thread 70",eb0c2b41-aa9c-4d46-a744-5e7ec9e8df01,"Ultra Thread 70 Light Olive",UTC,thread,"70 denier","light olive","70 denier",0,0
"thread||utc||ultra thread 70||70 denier",bcebe462-7942-4f65-bdd1-3afb328e3231,"Ultra Thread 70",f1e5330a-a319-4f81-91fd-0d59da653e19,"Ultra Thread 70 White",UTC,thread,"70 denier","White","70 denier",0,0
"thread||utc||ultra thread 70||70 denier",bcebe462-7942-4f65-bdd1-3afb328e3231,"Ultra Thread 70",f46d976c-01f8-434b-98a5-ba189fb85300,"Ultra Thread 70 Fl. Cerise",UTC,thread,"70 denier","fl. cerise","70 denier",0,0
"thread||utc||ultra thread 70||70 denier",bcebe462-7942-4f65-bdd1-3afb328e3231,"Ultra Thread 70",fcbdaec3-2540-42f0-a15c-805b91a50fbf,"Ultra Thread 70 Light Tan",UTC,thread,"70 denier","light tan","70 denier",0,0
"thread||utc||ultra thread 70||70 denier",bcebe462-7942-4f65-bdd1-3afb328e3231,"Ultra Thread 70",ff189277-4cbc-46e0-9ef6-5bbf61df77f8,"Ultra Thread 70 Wine",UTC,thread,"70 denier","Wine","70 denier",0,0
"thread||utc||ultra thread 140||140 denier",0d32c29a-91b0-4076-8f21-53d4c6c51028,"Ultra Thread 140",02f035b7-1d14-4221-966a-b897d5e81726,"Ultra Thread 140 Dark Gray",UTC,thread,"140 denier","Dark Gray","140 denier",0,0
"thread||utc||ultra thread 140||140 denier",0d32c29a-91b0-4076-8f21-53d4c6c51028,"Ultra Thread 140",04d04ef3-a571-4dc7-acf2-45292bfb21cf,"Ultra Thread 140 Fl. Chartreuse",UTC,thread,"140 denier","Fl. Chartreuse","140 denier",0,0
"thread||utc||ultra thread 140||140 denier",0d32c29a-91b0-4076-8f21-53d4c6c51028,"Ultra Thread 140",08820d60-d7c9-471f-b8ca-5e58485ffeed,"Ultra Thread 140 Light Tan",UTC,thread,"140 denier","Light Tan","140 denier",0,0
"thread||utc||ultra thread 140||140 denier",0d32c29a-91b0-4076-8f21-53d4c6c51028,"Ultra Thread 140",097f8b08-9943-4c04-84fc-f31f1ac2de68,"Ultra Thread 140 Fl. Red",UTC,thread,"140 denier","Fl. Red","140 denier",0,0
"thread||utc||ultra thread 140||140 denier",0d32c29a-91b0-4076-8f21-53d4c6c51028,"Ultra Thread 140",0b8071ff-4a9b-4ff3-a053-4c76301fe3c5,"Ultra Thread 140 Purple",UTC,thread,"140 denier","Purple","140 denier",0,0
"thread||utc||ultra thread 140||140 denier",0d32c29a-91b0-4076-8f21-53d4c6c51028,"Ultra Thread 140",0c2a9c61-d1c0-46ba-85c8-530bf44fed49,"Ultra Thread 140 Fluorescent Chartreuse",UTC,thread,"140 denier","Fluorescent Chartreuse","140 denier",0,0
"thread||utc||ultra thread 140||140 denier",0d32c29a-91b0-4076-8f21-53d4c6c51028,"Ultra Thread 140",0d32c29a-91b0-4076-8f21-53d4c6c51028,"Ultra Thread 140 Tan",UTC,thread,"140 denier","Tan","140 denier",0,0
"thread||utc||ultra thread 140||140 denier",0d32c29a-91b0-4076-8f21-53d4c6c51028,"Ultra Thread 140",11dc828c-35c3-4a33-8cb8-c041ad4eada2,"Ultra Thread 140 Fl. Shell Pink",UTC,thread,"140 denier","Fl. Shell Pink","140 denier",0,0
"thread||utc||ultra thread 140||140 denier",0d32c29a-91b0-4076-8f21-53d4c6c51028,"Ultra Thread 140",1271b110-a0b8-42f6-bb54-c00509f2deb8,"Ultra Thread 140 Gray Brown",UTC,thread,"140 denier","Gray Brown","140 denier",0,0
"thread||utc||ultra thread 140||140 denier",0d32c29a-91b0-4076-8f21-53d4c6c51028,"Ultra Thread 140",12c55108-7211-4d64-a21b-7c5ad65b02e0,"Ultra Thread 140 Rusty Brown",UTC,thread,"140 denier","Rusty Brown","140 denier",0,0
"thread||utc||ultra thread 140||140 denier",0d32c29a-91b0-4076-8f21-53d4c6c51028,"Ultra Thread 140",18f7fe8f-842e-428a-873c-2ad04d36c146,"Ultra Thread 140 Peacock Blue",UTC,thread,"140 denier","Peacock Blue","140 denier",0,0
"thread||utc||ultra thread 140||140 denier",0d32c29a-91b0-4076-8f21-53d4c6c51028,"Ultra Thread 140",1958b830-9b56-4e5d-9f3c-b9a37010994d,"Ultra Thread 140 Yellow",UTC,thread,"140 denier","Yellow","140 denier",0,0
"thread||utc||ultra thread 140||140 denier",0d32c29a-91b0-4076-8f21-53d4c6c51028,"Ultra Thread 140",210eda31-6e92-4613-ae7f-e57bb3c88cef,"Ultra Thread 140 Light Olive",UTC,thread,"140 denier","Light Olive","140 denier",0,0
"thread||utc||ultra thread 140||140 denier",0d32c29a-91b0-4076-8f21-53d4c6c51028,"Ultra Thread 140",26146b17-0db6-4b54-a49f-a0c150589fe1,"Ultra Thread 140 Wine",UTC,thread,"140 denier","Wine","140 denier",0,0
"thread||utc||ultra thread 140||140 denier",0d32c29a-91b0-4076-8f21-53d4c6c51028,"Ultra Thread 140",2ae2bfa6-cbcb-4c53-b0d8-d8f91a917d4c,"Ultra Thread 140 Fl. White",UTC,thread,"140 denier","Fl. White","140 denier",0,0
"thread||utc||ultra thread 140||140 denier",0d32c29a-91b0-4076-8f21-53d4c6c51028,"Ultra Thread 140",2c93c58a-f7d1-4fdd-a900-071ae71ef1bc,"Ultra Thread 140 Fl. Pink",UTC,thread,"140 denier","Fl. Pink","140 denier",0,0
"thread||utc||ultra thread 140||140 denier",0d32c29a-91b0-4076-8f21-53d4c6c51028,"Ultra Thread 140",2ebdd79f-7578-44b6-ae0a-5b67bf1b5880,"Ultra Thread 140 Fluorescent Pink",UTC,thread,"140 denier","Fluorescent Pink","140 denier",0,0
"thread||utc||ultra thread 140||140 denier",0d32c29a-91b0-4076-8f21-53d4c6c51028,"Ultra Thread 140",426a0209-052e-49cf-a38b-256705917bcb,"Ultra Thread 140 Hot Orange",UTC,thread,"140 denier","Hot Orange","140 denier",0,0
"thread||utc||ultra thread 140||140 denier",0d32c29a-91b0-4076-8f21-53d4c6c51028,"Ultra Thread 140",44cb98d5-bc66-4190-a8fd-a956ac3fe598,"Ultra Thread 140 Olive",UTC,thread,"140 denier","Olive","140 denier",0,0
"thread||utc||ultra thread 140||140 denier",0d32c29a-91b0-4076-8f21-53d4c6c51028,"Ultra Thread 140",493bdff2-0331-4e35-9287-6e55a2eeb6e3,"Ultra Thread 140 White",UTC,thread,"140 denier","White","140 denier",0,0
"thread||utc||ultra thread 140||140 denier",0d32c29a-91b0-4076-8f21-53d4c6c51028,"Ultra Thread 140",504f3c07-b613-4094-944b-8d0dab6438ed,"Ultra Thread 140 Olive Green",UTC,thread,"140 denier","Olive Green","140 denier",0,0
"thread||utc||ultra thread 140||140 denier",0d32c29a-91b0-4076-8f21-53d4c6c51028,"Ultra Thread 140",642e3576-600a-40da-9fc1-358943458203,"Ultra Thread 140 Gray",UTC,thread,"140 denier","Gray","140 denier",0,0
"thread||utc||ultra thread 140||140 denier",0d32c29a-91b0-4076-8f21-53d4c6c51028,"Ultra Thread 140",67848f3a-79ff-4c96-95c7-2601b3b64fd1,"Ultra Thread 140 Fl. Green",UTC,thread,"140 denier","Fl. Green","140 denier",0,0
"thread||utc||ultra thread 140||140 denier",0d32c29a-91b0-4076-8f21-53d4c6c51028,"Ultra Thread 140",6d38adbd-aae3-44d7-af4f-c655bc7a5292,"Ultra Thread 140 Watery Olive",UTC,thread,"140 denier","Watery Olive","140 denier",0,0
"thread||utc||ultra thread 140||140 denier",0d32c29a-91b0-4076-8f21-53d4c6c51028,"Ultra Thread 140",793c2c5e-b9ac-49c5-a73e-59d68372ae31,"Ultra Thread 140 Brown",UTC,thread,"140 denier","Brown","140 denier",0,0
"thread||utc||ultra thread 140||140 denier",0d32c29a-91b0-4076-8f21-53d4c6c51028,"Ultra Thread 140",7e133042-b985-42a4-a48e-4b01f91ba0e7,"Ultra Thread 140 Dark Brown",UTC,thread,"140 denier","Dark Brown","140 denier",0,0
"thread||utc||ultra thread 140||140 denier",0d32c29a-91b0-4076-8f21-53d4c6c51028,"Ultra Thread 140",838e8aa8-ffd7-47b6-b280-95f5d6c6054e,"Ultra Thread 140 Fl. Fire Orange",UTC,thread,"140 denier","Fl. Fire Orange","140 denier",0,0
"thread||utc||ultra thread 140||140 denier",0d32c29a-91b0-4076-8f21-53d4c6c51028,"Ultra Thread 140",89a19777-a099-4236-b4ea-771649104d86,"Ultra Thread 140 Brown Olive",UTC,thread,"140 denier","Brown Olive","140 denier",0,0
"thread||utc||ultra thread 140||140 denier",0d32c29a-91b0-4076-8f21-53d4c6c51028,"Ultra Thread 140",8dc49d23-ac02-4d2b-8642-7755f06a6c7e,"Ultra Thread 140 Camel",UTC,thread,"140 denier","Camel","140 denier",0,0
"thread||utc||ultra thread 140||140 denier",0d32c29a-91b0-4076-8f21-53d4c6c51028,"Ultra Thread 140",97e5dc20-f16f-4bf2-b545-e97d9398819b,"Ultra Thread 140 Red",UTC,thread,"140 denier","Red","140 denier",0,0
"thread||utc||ultra thread 140||140 denier",0d32c29a-91b0-4076-8f21-53d4c6c51028,"Ultra Thread 140",98b92b58-8f76-48db-bd5d-46935aea69f6,"Ultra Thread 140 Cream",UTC,thread,"140 denier","Cream","140 denier",0,0
"thread||utc||ultra thread 140||140 denier",0d32c29a-91b0-4076-8f21-53d4c6c51028,"Ultra Thread 140",9a030a98-0333-4f5d-bf92-8ce9aaae70f9,"Ultra Thread 140 Wood Duck",UTC,thread,"140 denier","Wood Duck","140 denier",0,0
"thread||utc||ultra thread 140||140 denier",0d32c29a-91b0-4076-8f21-53d4c6c51028,"Ultra Thread 140",bde25782-3faf-401a-a1b2-a6ae4de68477,"Ultra Thread 140 Dark Olive",UTC,thread,"140 denier","Dark Olive","140 denier",0,0
"thread||utc||ultra thread 140||140 denier",0d32c29a-91b0-4076-8f21-53d4c6c51028,"Ultra Thread 140",c2089f4f-e4d1-4c4c-a57d-cba139e5007e,"Ultra Thread 140 Blue Dun",UTC,thread,"140 denier","Blue Dun","140 denier",0,0
"thread||utc||ultra thread 140||140 denier",0d32c29a-91b0-4076-8f21-53d4c6c51028,"Ultra Thread 140",c307c30c-68c3-4aad-a106-d6201d4e816a,"Ultra Thread 140 Fl. Yellow",UTC,thread,"140 denier","Fl. Yellow","140 denier",0,0
"thread||utc||ultra thread 140||140 denier",0d32c29a-91b0-4076-8f21-53d4c6c51028,"Ultra Thread 140",c5e20690-ef47-49e6-89a9-c7c2a5502f3b,"Ultra Thread 140 Yellow Olive",UTC,thread,"140 denier","Yellow Olive","140 denier",0,0
"thread||utc||ultra thread 140||140 denier",0d32c29a-91b0-4076-8f21-53d4c6c51028,"Ultra Thread 140",c7f2508a-0554-429d-80fa-dc2b5c638d21,"Ultra Thread 140 Fl. Orange",UTC,thread,"140 denier","Fl. Orange","140 denier",0,0
"thread||utc||ultra thread 140||140 denier",0d32c29a-91b0-4076-8f21-53d4c6c51028,"Ultra Thread 140",ec38cdc6-f967-480f-bee8-f0f4fa620be9,"Ultra Thread 140 Black",UTC,thread,"140 denier","Black","140 denier",0,0
"thread||utc||ultra thread 140||140 denier",0d32c29a-91b0-4076-8f21-53d4c6c51028,"Ultra Thread 140",f08c9a26-b47f-4539-b79b-c5bdb7231cc8,"Ultra Thread 140 Hopper Yellow",UTC,thread,"140 denier","Hopper Yellow","140 denier",0,0
"thread||utc||ultra thread 140||140 denier",0d32c29a-91b0-4076-8f21-53d4c6c51028,"Ultra Thread 140",f42fb960-ef61-4465-8c3e-5ed5078728aa,"Ultra Thread 140 Fl. Cerise",UTC,thread,"140 denier","Fl. Cerise","140 denier",0,0
"dubbing||hends||spectra dubbing||",4ce0b25f-1acd-43fc-9a52-4376cc863d44,"Spectra Dubbing",0909f6c1-6fe1-4b17-b63f-c75170d0516c,"Spectra Dubbing #1",Hends,dubbing,"","#1","",0,0
"dubbing||hends||spectra dubbing||",4ce0b25f-1acd-43fc-9a52-4376cc863d44,"Spectra Dubbing",0cc21f52-9813-4040-ae5c-24d03a1479e0,"Spectra Dubbing #7",Hends,dubbing,"","#7","",0,0
"dubbing||hends||spectra dubbing||",4ce0b25f-1acd-43fc-9a52-4376cc863d44,"Spectra Dubbing",0d3e68ff-020c-40a0-96c1-ea79a46442c9,"Spectra Dubbing #6",Hends,dubbing,"","#6","",0,0
"dubbing||hends||spectra dubbing||",4ce0b25f-1acd-43fc-9a52-4376cc863d44,"Spectra Dubbing",1050a6ab-c7da-4029-aadf-61f62a028a55,"Spectra Dubbing #18",Hends,dubbing,"","#18","",0,0
"dubbing||hends||spectra dubbing||",4ce0b25f-1acd-43fc-9a52-4376cc863d44,"Spectra Dubbing",1bf17e3b-e79c-4d67-bef7-29e8b0c72ff2,"Spectra Dubbing #30",Hends,dubbing,"","#30","",0,0
"dubbing||hends||spectra dubbing||",4ce0b25f-1acd-43fc-9a52-4376cc863d44,"Spectra Dubbing",213b6fa6-eef6-4cea-9ddc-fc0b6d450d61,"Spectra Dubbing #16",Hends,dubbing,"","#16","",0,0
"dubbing||hends||spectra dubbing||",4ce0b25f-1acd-43fc-9a52-4376cc863d44,"Spectra Dubbing",2a369cf9-f173-4277-b888-bbea25291c54,"Spectra Dubbing #10",Hends,dubbing,"","#10","",0,0
"dubbing||hends||spectra dubbing||",4ce0b25f-1acd-43fc-9a52-4376cc863d44,"Spectra Dubbing",3051121b-37a7-4191-8597-33624682ef6c,"Spectra Dubbing #12",Hends,dubbing,"","#12","",0,0
"dubbing||hends||spectra dubbing||",4ce0b25f-1acd-43fc-9a52-4376cc863d44,"Spectra Dubbing",32c69dbd-afa4-4837-aa03-db1f5ab6dbdc,"Spectra Dubbing #13",Hends,dubbing,"","#13","",0,0
"dubbing||hends||spectra dubbing||",4ce0b25f-1acd-43fc-9a52-4376cc863d44,"Spectra Dubbing",41e08782-3daa-4d2d-a9c2-0ef8b9e3e915,"Spectra Dubbing #21",Hends,dubbing,"","#21","",0,0
"dubbing||hends||spectra dubbing||",4ce0b25f-1acd-43fc-9a52-4376cc863d44,"Spectra Dubbing",4ce0b25f-1acd-43fc-9a52-4376cc863d44,"Spectra Dubbing",Hends,dubbing,"","","",0,0
"dubbing||hends||spectra dubbing||",4ce0b25f-1acd-43fc-9a52-4376cc863d44,"Spectra Dubbing",56fb0ed8-4f6b-41dd-b12c-b78168264064,"Spectra Dubbing #24",Hends,dubbing,"","#24","",0,0
"dubbing||hends||spectra dubbing||",4ce0b25f-1acd-43fc-9a52-4376cc863d44,"Spectra Dubbing",5c875842-7f88-42ae-ab05-ddd9bedfab5e,"Spectra Dubbing #23",Hends,dubbing,"","#23","",0,0
"dubbing||hends||spectra dubbing||",4ce0b25f-1acd-43fc-9a52-4376cc863d44,"Spectra Dubbing",5de3bd40-a22b-47d4-a7a1-3aab6569d759,"Spectra Dubbing #20",Hends,dubbing,"","#20","",0,0
"dubbing||hends||spectra dubbing||",4ce0b25f-1acd-43fc-9a52-4376cc863d44,"Spectra Dubbing",64884dcd-9831-48b8-877f-151527b4e974,"Spectra Dubbing #19",Hends,dubbing,"","#19","",0,0
"dubbing||hends||spectra dubbing||",4ce0b25f-1acd-43fc-9a52-4376cc863d44,"Spectra Dubbing",69be5c13-a7c7-4fe0-9b85-0cf55ab6f39e,"Spectra Dubbing #5",Hends,dubbing,"","#5","",0,0
"dubbing||hends||spectra dubbing||",4ce0b25f-1acd-43fc-9a52-4376cc863d44,"Spectra Dubbing",6a82d1c0-1024-4b98-88ba-9589964de35c,"Spectra Dubbing #4",Hends,dubbing,"","#4","",0,0
"dubbing||hends||spectra dubbing||",4ce0b25f-1acd-43fc-9a52-4376cc863d44,"Spectra Dubbing",72e3dd7d-35a1-4535-9b8d-f416025bb471,"Spectra Dubbing #2",Hends,dubbing,"","#2","",0,0
"dubbing||hends||spectra dubbing||",4ce0b25f-1acd-43fc-9a52-4376cc863d44,"Spectra Dubbing",7e501f4b-a154-4843-8f44-37d0f2220399,"Spectra Dubbing #17",Hends,dubbing,"","#17","",0,0
"dubbing||hends||spectra dubbing||",4ce0b25f-1acd-43fc-9a52-4376cc863d44,"Spectra Dubbing",880d3640-0372-4471-80a2-88ddf36a428c,"Spectra Dubbing #25",Hends,dubbing,"","#25","",0,0
"dubbing||hends||spectra dubbing||",4ce0b25f-1acd-43fc-9a52-4376cc863d44,"Spectra Dubbing",8cdab277-e755-479d-b447-cf42148bca52,"Spectra Dubbing #8",Hends,dubbing,"","#8","",0,0
"dubbing||hends||spectra dubbing||",4ce0b25f-1acd-43fc-9a52-4376cc863d44,"Spectra Dubbing",8d654c0b-45c0-4d07-bd8c-4f96cf2bdcce,"Spectra Dubbing #22",Hends,dubbing,"","#22","",0,0
"dubbing||hends||spectra dubbing||",4ce0b25f-1acd-43fc-9a52-4376cc863d44,"Spectra Dubbing",95872b75-fac2-4f11-83a6-0342c44b7ae5,"Spectra Dubbing #9",Hends,dubbing,"","#9","",0,0
"dubbing||hends||spectra dubbing||",4ce0b25f-1acd-43fc-9a52-4376cc863d44,"Spectra Dubbing",a66700cb-84cb-4af4-9721-a69bcd02626b,"Spectra Dubbing #27",Hends,dubbing,"","#27","",0,0
"dubbing||hends||spectra dubbing||",4ce0b25f-1acd-43fc-9a52-4376cc863d44,"Spectra Dubbing",aa5076bf-8520-47d3-a4a7-9cb92bf2c621,"Spectra Dubbing #15",Hends,dubbing,"","#15","",0,0
"dubbing||hends||spectra dubbing||",4ce0b25f-1acd-43fc-9a52-4376cc863d44,"Spectra Dubbing",ad4cb947-8cd9-4698-8ec2-36f32581da9c,"Spectra Dubbing #14",Hends,dubbing,"","#14","",0,0
"dubbing||hends||spectra dubbing||",4ce0b25f-1acd-43fc-9a52-4376cc863d44,"Spectra Dubbing",b54400e7-a95d-4961-b86f-ca84125ed962,"Spectra Dubbing #3",Hends,dubbing,"","#3","",0,0
"dubbing||hends||spectra dubbing||",4ce0b25f-1acd-43fc-9a52-4376cc863d44,"Spectra Dubbing",ba1c7744-8192-43fa-93e7-78b1dcc6d615,"Spectra Dubbing #26",Hends,dubbing,"","#26","",0,0
"dubbing||hends||spectra dubbing||",4ce0b25f-1acd-43fc-9a52-4376cc863d44,"Spectra Dubbing",c221dfb9-3178-404e-a38b-d72deaee25b3,"Spectra Dubbing #28",Hends,dubbing,"","#28","",0,0
"dubbing||hends||spectra dubbing||",4ce0b25f-1acd-43fc-9a52-4376cc863d44,"Spectra Dubbing",cd0443f2-f105-49d5-a6cd-30373faa8bfe,"Spectra Dubbing #11",Hends,dubbing,"","#11","",0,0
"dubbing||hends||spectra dubbing||",4ce0b25f-1acd-43fc-9a52-4376cc863d44,"Spectra Dubbing",e946a412-98d8-4dd9-b0fe-2cb8156c9ac1,"Spectra Dubbing #29",Hends,dubbing,"","#29","",0,0
"wire||utc||ultra wire||",d0f94f0f-ad8f-4140-af72-ea96d7c88999,"Ultra Wire",00fba484-df9e-411b-9283-c20b7b2a2d21,"Ultra Wire Fuchsia",UTC,wire,"","fuchsia","small|brassie|medium|large",0,0
"wire||utc||ultra wire||",d0f94f0f-ad8f-4140-af72-ea96d7c88999,"Ultra Wire",060401fa-2ed0-4f63-b152-03d650c1cc44,"Ultra Wire Gray",UTC,wire,"","gray","small|brassie|medium|large",0,0
"wire||utc||ultra wire||",d0f94f0f-ad8f-4140-af72-ea96d7c88999,"Ultra Wire",06448917-4a84-463e-9516-4a9b3a5979dc,"Ultra Wire Rust",UTC,wire,"","rust","small|brassie|medium|large",0,0
"wire||utc||ultra wire||",d0f94f0f-ad8f-4140-af72-ea96d7c88999,"Ultra Wire",09b9d670-902e-46d3-9eb0-f5dbddb6586a,"Ultra Wire White",UTC,wire,"","white","small|brassie|medium|large",0,0
"wire||utc||ultra wire||",d0f94f0f-ad8f-4140-af72-ea96d7c88999,"Ultra Wire",11825897-e3f7-414a-a56d-e147707a00fe,"Ultra Wire Tan",UTC,wire,"","tan","small|brassie|medium|large",0,0
"wire||utc||ultra wire||",d0f94f0f-ad8f-4140-af72-ea96d7c88999,"Ultra Wire",14053b29-ee56-4fb0-8cf9-dba715715bfc,"Ultra Wire Red Metallic",UTC,wire,"","red metallic","x-small|small|brassie|medium|large",0,0
"wire||utc||ultra wire||",d0f94f0f-ad8f-4140-af72-ea96d7c88999,"Ultra Wire",22392e8c-0a94-4739-9362-45ea5d102742,"Ultra Wire Amber",UTC,wire,"","amber","x-small|small|brassie|medium|large",0,0
"wire||utc||ultra wire||",d0f94f0f-ad8f-4140-af72-ea96d7c88999,"Ultra Wire",2b99e156-3195-4366-bc63-7ff45420c864,"Ultra Wire Blue Metallic",UTC,wire,"","blue metallic","small|brassie|medium|large",0,0
"wire||utc||ultra wire||",d0f94f0f-ad8f-4140-af72-ea96d7c88999,"Ultra Wire",2dcbed64-961a-4670-ac94-02164a1ac71f,"Ultra Wire Ginger",UTC,wire,"","ginger","small|brassie|medium",0,0
"wire||utc||ultra wire||",d0f94f0f-ad8f-4140-af72-ea96d7c88999,"Ultra Wire",413f966f-37ef-45cb-bdf7-1e36ef3f7412,"Ultra Wire Sculpin Olive",UTC,wire,"","sculpin olive","small|brassie|medium|large",0,0
"wire||utc||ultra wire||",d0f94f0f-ad8f-4140-af72-ea96d7c88999,"Ultra Wire",568eee02-b350-48b3-b6b6-7adb38b281fe,"Ultra Wire Black",UTC,wire,"","black","x-small|small|brassie|medium|large",0,0
"wire||utc||ultra wire||",d0f94f0f-ad8f-4140-af72-ea96d7c88999,"Ultra Wire",62b987c0-7aa1-47cb-9491-9bbcbcf66acf,"Ultra Wire Chartreuse Metallic",UTC,wire,"","chartreuse metallic","x-small|small|brassie|medium|large",0,0
"wire||utc||ultra wire||",d0f94f0f-ad8f-4140-af72-ea96d7c88999,"Ultra Wire",8262f676-401f-4c80-8374-2ef6ce8ba108,"Ultra Wire Purple",UTC,wire,"","purple","small|brassie|medium|large",0,0
"wire||utc||ultra wire||",d0f94f0f-ad8f-4140-af72-ea96d7c88999,"Ultra Wire",865413cd-f293-49eb-9319-2b232d4f491c,"Ultra Wire Green Metallic",UTC,wire,"","green metallic","x-small|small|brassie|medium|large",0,0
"wire||utc||ultra wire||",d0f94f0f-ad8f-4140-af72-ea96d7c88999,"Ultra Wire",8d47c68a-8dd4-479a-a162-b26d8a48fc24,"Ultra Wire Wine Metallic",UTC,wire,"","wine metallic","small|brassie|medium|large",0,0
"wire||utc||ultra wire||",d0f94f0f-ad8f-4140-af72-ea96d7c88999,"Ultra Wire",8e0ac71f-45af-4e4f-b0c0-a8fc1a36b8b0,"Ultra Wire Gold",UTC,wire,"","gold","x-small|small|brassie|medium|large",0,0
"wire||utc||ultra wire||",d0f94f0f-ad8f-4140-af72-ea96d7c88999,"Ultra Wire",8e3daa1b-3b67-4680-845b-f936e17d92ad,"Ultra Wire Golden Olive",UTC,wire,"","golden olive","small|brassie|medium|large",0,0
"wire||utc||ultra wire||",d0f94f0f-ad8f-4140-af72-ea96d7c88999,"Ultra Wire",8fa535d1-2169-455e-ad95-0fa5ec5eb4fd,"Ultra Wire Copper",UTC,wire,"","copper","x-small|small|brassie|medium|large",0,0
"wire||utc||ultra wire||",d0f94f0f-ad8f-4140-af72-ea96d7c88999,"Ultra Wire",977cee0f-37cc-47be-af12-6ec16918a68d,"Ultra Wire Brown",UTC,wire,"","brown","small|brassie|medium|large",0,0
"wire||utc||ultra wire||",d0f94f0f-ad8f-4140-af72-ea96d7c88999,"Ultra Wire",9c0ec18c-496f-4352-a0b7-4671156a737f,"Ultra Wire Copper Brown",UTC,wire,"","copper brown","small|brassie|medium|large",0,0
"wire||utc||ultra wire||",d0f94f0f-ad8f-4140-af72-ea96d7c88999,"Ultra Wire",a6eae90b-5463-4c73-ac03-ae45d77fa779,"Ultra Wire Pink",UTC,wire,"","pink","small|brassie|medium|large",0,0
"wire||utc||ultra wire||",d0f94f0f-ad8f-4140-af72-ea96d7c88999,"Ultra Wire",ae8e4590-4d1c-4fa3-8c49-376fae8d8683,"Ultra Wire Dun",UTC,wire,"","dun","brassie|medium|large",0,0
"wire||utc||ultra wire||",d0f94f0f-ad8f-4140-af72-ea96d7c88999,"Ultra Wire",b53e1c66-22ee-40bc-95a0-81cc8979004b,"Ultra Wire Olive",UTC,wire,"","olive","small|brassie|medium|large",0,0
"wire||utc||ultra wire||",d0f94f0f-ad8f-4140-af72-ea96d7c88999,"Ultra Wire",b986d668-25fe-40a7-ab75-fbffbc6da6c5,"Ultra Wire Cerise",UTC,wire,"","cerise","brassie|medium|large",0,0
"wire||utc||ultra wire||",d0f94f0f-ad8f-4140-af72-ea96d7c88999,"Ultra Wire",ca1037db-6c84-4d36-a767-dbe471667fd2,"Ultra Wire Silver",UTC,wire,"","silver","x-small|small|brassie|medium|large",0,0
"wire||utc||ultra wire||",d0f94f0f-ad8f-4140-af72-ea96d7c88999,"Ultra Wire",d0f94f0f-ad8f-4140-af72-ea96d7c88999,"Ultra Wire Hot Orange",UTC,wire,"","hot orange","x-small|small|brassie|medium|large",0,0
"wire||utc||ultra wire||",d0f94f0f-ad8f-4140-af72-ea96d7c88999,"Ultra Wire",d50e38da-58ad-445d-a507-cdfd1c7d9eb5,"Ultra Wire Hot Yellow Metallic",UTC,wire,"","hot yellow metallic","small|brassie|medium|large",0,0
"wire||utc||ultra wire||",d0f94f0f-ad8f-4140-af72-ea96d7c88999,"Ultra Wire",e9f8719b-0348-42ba-90d4-486f8701e5c8,"Ultra Wire Red",UTC,wire,"","red","x-small|small|brassie|medium",0,0
"wire||utc||ultra wire||",d0f94f0f-ad8f-4140-af72-ea96d7c88999,"Ultra Wire",f0e22d7a-244c-41a1-9db8-b3467928b035,"Ultra Wire Hot Orange Metallic",UTC,wire,"","hot orange metallic","small|brassie|medium|large",0,0
"wire||utc||ultra wire||",d0f94f0f-ad8f-4140-af72-ea96d7c88999,"Ultra Wire",fba8bcdf-deff-46ee-9991-43994c8ee1f7,"Ultra Wire Gun Metal Blue",UTC,wire,"","gun metal blue","x-small|small|brassie|medium|large",0,0
"thread||veevus||veevus 10/0||10/0",1cf69579-e5f2-4740-9af9-6df62eff2b07,"Veevus 10/0",1cf69579-e5f2-4740-9af9-6df62eff2b07,"Veevus 10/0 Red",Veevus,thread,"10/0","red","10/0",0,0
"thread||veevus||veevus 10/0||10/0",1cf69579-e5f2-4740-9af9-6df62eff2b07,"Veevus 10/0",23d9fa10-b1dc-40d2-a272-ab645352852e,"Veevus 10/0 Olive",Veevus,thread,"10/0","olive","10/0",0,0
"thread||veevus||veevus 10/0||10/0",1cf69579-e5f2-4740-9af9-6df62eff2b07,"Veevus 10/0",2cd4bbed-30e6-4d3c-88ed-fe063c010875,"Veevus 10/0 Rusty Brown",Veevus,thread,"10/0","rusty brown","10/0",0,0
"thread||veevus||veevus 10/0||10/0",1cf69579-e5f2-4740-9af9-6df62eff2b07,"Veevus 10/0",33be913b-3f7a-4a7d-93a4-6a51078c1772,"Veevus 10/0 Rose Pink",Veevus,thread,"10/0","rose pink","10/0",0,0
"thread||veevus||veevus 10/0||10/0",1cf69579-e5f2-4740-9af9-6df62eff2b07,"Veevus 10/0",3584e392-ad60-4f2d-9622-3d4af0dd8a72,"Veevus 10/0 Light Cahill",Veevus,thread,"10/0","light cahill","10/0",0,0
"thread||veevus||veevus 10/0||10/0",1cf69579-e5f2-4740-9af9-6df62eff2b07,"Veevus 10/0",3b50a005-a735-4d04-a50f-f606fde4b5cb,"Veevus 10/0 Brown",Veevus,thread,"10/0","brown","10/0",0,0
"thread||veevus||veevus 10/0||10/0",1cf69579-e5f2-4740-9af9-6df62eff2b07,"Veevus 10/0",568ca607-eefd-468d-a2e8-fa72e87e01e9,"Veevus 10/0 Purple",Veevus,thread,"10/0","purple","10/0",0,0
"thread||veevus||veevus 10/0||10/0",1cf69579-e5f2-4740-9af9-6df62eff2b07,"Veevus 10/0",664a7be7-8771-4c59-98ca-40153834f273,"Veevus 10/0 Fl. Yellow Chartreuse",Veevus,thread,"10/0","fl. yellow chartreuse","10/0",0,0
"thread||veevus||veevus 10/0||10/0",1cf69579-e5f2-4740-9af9-6df62eff2b07,"Veevus 10/0",7a537297-069d-4702-884f-4878d2e67765,"Veevus 10/0 Pale Green",Veevus,thread,"10/0","pale green","10/0",0,0
"thread||veevus||veevus 10/0||10/0",1cf69579-e5f2-4740-9af9-6df62eff2b07,"Veevus 10/0",89b814c0-9dbd-4198-9c09-abdf643590a7,"Veevus 10/0 White",Veevus,thread,"10/0","white","10/0",0,0
"thread||veevus||veevus 10/0||10/0",1cf69579-e5f2-4740-9af9-6df62eff2b07,"Veevus 10/0",8c48733a-6915-4258-afc3-2394555986be,"Veevus 10/0 Hot Orange",Veevus,thread,"10/0","hot orange","10/0",0,0
"thread||veevus||veevus 10/0||10/0",1cf69579-e5f2-4740-9af9-6df62eff2b07,"Veevus 10/0",8f770086-6771-402f-bd07-3011202ad533,"Veevus 10/0 Marron",Veevus,thread,"10/0","marron","10/0",0,0
"thread||veevus||veevus 10/0||10/0",1cf69579-e5f2-4740-9af9-6df62eff2b07,"Veevus 10/0",909cff9e-c671-493b-8f33-0cd5bc0da68b,"Veevus 10/0 Fl. Orange",Veevus,thread,"10/0","fl. orange","10/0",0,0
"thread||veevus||veevus 10/0||10/0",1cf69579-e5f2-4740-9af9-6df62eff2b07,"Veevus 10/0",9bd5b19c-fc56-4cbb-ba72-ef24821a6a93,"Veevus 10/0 Lavender",Veevus,thread,"10/0","lavender","10/0",0,0
"thread||veevus||veevus 10/0||10/0",1cf69579-e5f2-4740-9af9-6df62eff2b07,"Veevus 10/0",a0b5f964-27a2-48ac-879a-fc4dee35138f,"Veevus 10/0 Sunburst Yellow",Veevus,thread,"10/0","sunburst yellow","10/0",0,0
"thread||veevus||veevus 10/0||10/0",1cf69579-e5f2-4740-9af9-6df62eff2b07,"Veevus 10/0",a886d7f2-6b3e-4fe8-a600-d89e5c42b9a8,"Veevus 10/0 Dark Pink",Veevus,thread,"10/0","dark pink","10/0",0,0
"thread||veevus||veevus 10/0||10/0",1cf69579-e5f2-4740-9af9-6df62eff2b07,"Veevus 10/0",a9adf6f0-8354-4403-8b99-cb6119b8a607,"Veevus 10/0 Orange",Veevus,thread,"10/0","orange","10/0",0,0
"thread||veevus||veevus 10/0||10/0",1cf69579-e5f2-4740-9af9-6df62eff2b07,"Veevus 10/0",c4e9ff63-ec80-494a-8513-81f459ed655b,"Veevus 10/0 Pale Pink",Veevus,thread,"10/0","pale pink","10/0",0,0
"thread||veevus||veevus 10/0||10/0",1cf69579-e5f2-4740-9af9-6df62eff2b07,"Veevus 10/0",c624ae29-760c-427c-bfe3-29dbe8858577,"Veevus 10/0 Pink",Veevus,thread,"10/0","pink","10/0",0,0
"thread||veevus||veevus 10/0||10/0",1cf69579-e5f2-4740-9af9-6df62eff2b07,"Veevus 10/0",c9faa8e2-6e2f-40c6-af6c-81913f2766ab,"Veevus 10/0 Light Olive",Veevus,thread,"10/0","light olive","10/0",0,0
"thread||veevus||veevus 10/0||10/0",1cf69579-e5f2-4740-9af9-6df62eff2b07,"Veevus 10/0",cd40184f-f09d-405e-bdfe-c8692360349c,"Veevus 10/0 Fl. Green",Veevus,thread,"10/0","fl. green","10/0",0,0
"thread||veevus||veevus 10/0||10/0",1cf69579-e5f2-4740-9af9-6df62eff2b07,"Veevus 10/0",dea02cc9-7b3d-4127-90a2-c7c4a398a0ab,"Veevus 10/0 Claret",Veevus,thread,"10/0","claret","10/0",0,0
"thread||veevus||veevus 10/0||10/0",1cf69579-e5f2-4740-9af9-6df62eff2b07,"Veevus 10/0",f0600f8b-fc0c-4718-9040-b841ad4c424c,"Veevus 10/0 Black",Veevus,thread,"10/0","black","10/0",0,0
"thread||veevus||veevus 10/0||10/0",1cf69579-e5f2-4740-9af9-6df62eff2b07,"Veevus 10/0",f32500aa-dd6e-4bab-9cf6-211df28d59c2,"Veevus 10/0 Dark Brown",Veevus,thread,"10/0","dark brown","10/0",0,0
"thread||veevus||veevus 10/0||10/0",1cf69579-e5f2-4740-9af9-6df62eff2b07,"Veevus 10/0",ffa1a6c0-314e-4570-8e3c-ac851799008d,"Veevus 10/0 Pale Red",Veevus,thread,"10/0","pale red","10/0",0,0
"flash||veevus||veevus iris thread||",009c951d-bfd5-48f5-8fa0-2087e55f048e,"Veevus Iris Thread",009c951d-bfd5-48f5-8fa0-2087e55f048e,"Veevus Iris Thread Purple",Veevus,flash,"","purple","",0,0
"flash||veevus||veevus iris thread||",009c951d-bfd5-48f5-8fa0-2087e55f048e,"Veevus Iris Thread",0544530d-147d-4370-a463-0d24e4a7c884,"Veevus Iris Thread Silver Snow",Veevus,flash,"","silver snow","",0,0
"flash||veevus||veevus iris thread||",009c951d-bfd5-48f5-8fa0-2087e55f048e,"Veevus Iris Thread",1926486e-1ece-426a-9e21-0cbe06742e86,"Veevus Iris Thread Olive",Veevus,flash,"","olive","",0,0
"flash||veevus||veevus iris thread||",009c951d-bfd5-48f5-8fa0-2087e55f048e,"Veevus Iris Thread",1e457786-e944-4d2e-9cb4-46ed61e8db89,"Veevus Iris Thread Aqua Green",Veevus,flash,"","aqua green","",0,0
"flash||veevus||veevus iris thread||",009c951d-bfd5-48f5-8fa0-2087e55f048e,"Veevus Iris Thread",52c803f0-3ef3-44d8-99d1-ce48a07f520e,"Veevus Iris Thread Peacock",Veevus,flash,"","peacock","",0,0
"flash||veevus||veevus iris thread||",009c951d-bfd5-48f5-8fa0-2087e55f048e,"Veevus Iris Thread",5451dcb8-ff16-49da-9f10-84a117d6fc21,"Veevus Iris Thread Shrimp Pink",Veevus,flash,"","shrimp pink","",0,0
"flash||veevus||veevus iris thread||",009c951d-bfd5-48f5-8fa0-2087e55f048e,"Veevus Iris Thread",576b3b84-a11e-4e1e-b63e-ba14a3c9ab6f,"Veevus Iris Thread Fl. Orange",Veevus,flash,"","fl. orange","",0,0
"flash||veevus||veevus iris thread||",009c951d-bfd5-48f5-8fa0-2087e55f048e,"Veevus Iris Thread",679a951e-d696-4798-af3e-1f1c568b676e,"Veevus Iris Thread Light Blue",Veevus,flash,"","light blue","",0,0
"flash||veevus||veevus iris thread||",009c951d-bfd5-48f5-8fa0-2087e55f048e,"Veevus Iris Thread",6caf4993-1190-44a3-b10a-ca1244691897,"Veevus Iris Thread Pink",Veevus,flash,"","pink","",0,0
"flash||veevus||veevus iris thread||",009c951d-bfd5-48f5-8fa0-2087e55f048e,"Veevus Iris Thread",721f5992-c631-4b99-a281-c4db2b07731e,"Veevus Iris Thread Blue",Veevus,flash,"","blue","",0,0
"flash||veevus||veevus iris thread||",009c951d-bfd5-48f5-8fa0-2087e55f048e,"Veevus Iris Thread",75db3c50-562a-41c7-90ab-af79b8740f1c,"Veevus Iris Thread Fl. Pink",Veevus,flash,"","fl. pink","",0,0
"flash||veevus||veevus iris thread||",009c951d-bfd5-48f5-8fa0-2087e55f048e,"Veevus Iris Thread",93a6270e-1630-4a2d-9b95-090f8477e704,"Veevus Iris Thread Fl. Yellow",Veevus,flash,"","fl. yellow","",0,0
"flash||veevus||veevus iris thread||",009c951d-bfd5-48f5-8fa0-2087e55f048e,"Veevus Iris Thread",9fceeea4-5ce0-4a14-b047-2ba3394cb446,"Veevus Iris Thread Tan",Veevus,flash,"","tan","",0,0
"flash||veevus||veevus iris thread||",009c951d-bfd5-48f5-8fa0-2087e55f048e,"Veevus Iris Thread",b242976e-d349-446e-9b83-6bd2404229d4,"Veevus Iris Thread Fl. Yellow Chartreuse",Veevus,flash,"","fl. yellow chartreuse","",0,0
"flash||veevus||veevus iris thread||",009c951d-bfd5-48f5-8fa0-2087e55f048e,"Veevus Iris Thread",b2f09932-d665-4922-88e0-5953b63d8d66,"Veevus Iris Thread Copper",Veevus,flash,"","copper","",0,0
"flash||veevus||veevus iris thread||",009c951d-bfd5-48f5-8fa0-2087e55f048e,"Veevus Iris Thread",c4dab620-3ec7-4feb-951f-6f6937783b6e,"Veevus Iris Thread Bonefish Tan",Veevus,flash,"","bonefish tan","",0,0
"flash||veevus||veevus iris thread||",009c951d-bfd5-48f5-8fa0-2087e55f048e,"Veevus Iris Thread",c6b0adf9-4aae-419f-abd6-64dab70974c7,"Veevus Iris Thread Pearl",Veevus,flash,"","pearl","",0,0
"flash||veevus||veevus iris thread||",009c951d-bfd5-48f5-8fa0-2087e55f048e,"Veevus Iris Thread",ce2a0ee8-b2d3-493d-8c03-b8bdec368fab,"Veevus Iris Thread Red",Veevus,flash,"","red","",0,0
"flash||veevus||veevus iris thread||",009c951d-bfd5-48f5-8fa0-2087e55f048e,"Veevus Iris Thread",e332846c-52a5-4dae-b8ee-d1f1671a97f6,"Veevus Iris Thread Gold",Veevus,flash,"","gold","",0,0
"flash||veevus||veevus iris thread||",009c951d-bfd5-48f5-8fa0-2087e55f048e,"Veevus Iris Thread",e88798ec-d2f4-4e06-8916-f2cdc4a93fb1,"Veevus Iris Thread Cream",Veevus,flash,"","cream","",0,0
"flash||veevus||veevus iris thread||",009c951d-bfd5-48f5-8fa0-2087e55f048e,"Veevus Iris Thread",f0e0018f-4192-465c-979a-75a59e457809,"Veevus Iris Thread Black Rainbow",Veevus,flash,"","black rainbow","",0,0
"flash||veevus||veevus iris thread||",009c951d-bfd5-48f5-8fa0-2087e55f048e,"Veevus Iris Thread",f2c58f71-246c-4714-9b60-7d9502b5a58f,"Veevus Iris Thread Smolt Blue",Veevus,flash,"","smolt blue","",0,0
"thread||veevus||veevus 16/0||16/0",0689b3c8-ad59-4a99-b8c7-9593cc3f7a0c,"Veevus 16/0",0689b3c8-ad59-4a99-b8c7-9593cc3f7a0c,"Veevus 16/0 Rust",Veevus,thread,"16/0","rust","16/0",0,0
"thread||veevus||veevus 16/0||16/0",0689b3c8-ad59-4a99-b8c7-9593cc3f7a0c,"Veevus 16/0",28e6a8cb-875b-432e-a302-bdc262b752ca,"Veevus 16/0 Light Olive",Veevus,thread,"16/0","light olive","16/0",0,0
"thread||veevus||veevus 16/0||16/0",0689b3c8-ad59-4a99-b8c7-9593cc3f7a0c,"Veevus 16/0",314b282e-a03c-4447-88f9-9c990da2f36a,"Veevus 16/0 Dun",Veevus,thread,"16/0","dun","16/0",0,0
"thread||veevus||veevus 16/0||16/0",0689b3c8-ad59-4a99-b8c7-9593cc3f7a0c,"Veevus 16/0",48dc2804-0f5f-40b4-8195-a8e0202fbdd9,"Veevus 16/0 Red",Veevus,thread,"16/0","red","16/0",0,0
"thread||veevus||veevus 16/0||16/0",0689b3c8-ad59-4a99-b8c7-9593cc3f7a0c,"Veevus 16/0",4e4de55b-af9e-432f-b842-d99637034687,"Veevus 16/0 Tan",Veevus,thread,"16/0","tan","16/0",0,0
"thread||veevus||veevus 16/0||16/0",0689b3c8-ad59-4a99-b8c7-9593cc3f7a0c,"Veevus 16/0",50d81b53-7db9-46d2-bac8-2d33b5866762,"Veevus 16/0 Olive",Veevus,thread,"16/0","olive","16/0",0,0
"thread||veevus||veevus 16/0||16/0",0689b3c8-ad59-4a99-b8c7-9593cc3f7a0c,"Veevus 16/0",50e6c364-2c07-4701-ac82-87f3e0fc2d54,"Veevus 16/0 Dark Tan",Veevus,thread,"16/0","dark tan","16/0",0,0
"thread||veevus||veevus 16/0||16/0",0689b3c8-ad59-4a99-b8c7-9593cc3f7a0c,"Veevus 16/0",54994fd1-4181-4b20-be0a-6962abffe3d6,"Veevus 16/0 Black",Veevus,thread,"16/0","black","16/0",0,0
"thread||veevus||veevus 16/0||16/0",0689b3c8-ad59-4a99-b8c7-9593cc3f7a0c,"Veevus 16/0",56973d28-1f86-4941-968b-944e685f5ebb,"Veevus 16/0 Pink",Veevus,thread,"16/0","pink","16/0",0,0
"thread||veevus||veevus 16/0||16/0",0689b3c8-ad59-4a99-b8c7-9593cc3f7a0c,"Veevus 16/0",69b50eee-55e8-4a34-a57b-f1a36904483f,"Veevus 16/0 Fl. Orange",Veevus,thread,"16/0","fl. orange","16/0",0,0
"thread||veevus||veevus 16/0||16/0",0689b3c8-ad59-4a99-b8c7-9593cc3f7a0c,"Veevus 16/0",6e161bf2-3462-4308-bba7-c7aa2cedf49d,"Veevus 16/0 Blue Winged Olive",Veevus,thread,"16/0","blue winged olive","16/0",0,0
"thread||veevus||veevus 16/0||16/0",0689b3c8-ad59-4a99-b8c7-9593cc3f7a0c,"Veevus 16/0",6e770ede-340f-487f-9d12-8c143ad08abc,"Veevus 16/0 Claret",Veevus,thread,"16/0","claret","16/0",0,0
"thread||veevus||veevus 16/0||16/0",0689b3c8-ad59-4a99-b8c7-9593cc3f7a0c,"Veevus 16/0",956bbdd0-f0e6-4a5e-8417-6424339184fd,"Veevus 16/0 White",Veevus,thread,"16/0","white","16/0",0,0
"thread||veevus||veevus 16/0||16/0",0689b3c8-ad59-4a99-b8c7-9593cc3f7a0c,"Veevus 16/0",a91c46b0-c215-40e2-abfc-0c626e9b0195,"Veevus 16/0 Gray",Veevus,thread,"16/0","gray","16/0",0,0
"thread||veevus||veevus 16/0||16/0",0689b3c8-ad59-4a99-b8c7-9593cc3f7a0c,"Veevus 16/0",a9a1ee33-275d-4a38-bd30-dc20d3ec9c23,"Veevus 16/0 Light Grey",Veevus,thread,"16/0","light grey","16/0",0,0
"thread||veevus||veevus 16/0||16/0",0689b3c8-ad59-4a99-b8c7-9593cc3f7a0c,"Veevus 16/0",af33c560-94f3-4887-b371-15c747e77bee,"Veevus 16/0 Fl. Yellow Chartreuse",Veevus,thread,"16/0","fl. yellow chartreuse","16/0",0,0
"thread||veevus||veevus 16/0||16/0",0689b3c8-ad59-4a99-b8c7-9593cc3f7a0c,"Veevus 16/0",c4a51b09-ec7c-4b9d-9aa8-dd8769135157,"Veevus 16/0 Sunburst Yellow",Veevus,thread,"16/0","sunburst yellow","16/0",0,0
"thread||veevus||veevus 16/0||16/0",0689b3c8-ad59-4a99-b8c7-9593cc3f7a0c,"Veevus 16/0",c5c82fa1-4837-4bd1-b587-43bbb44aa337,"Veevus 16/0 Brown",Veevus,thread,"16/0","brown","16/0",0,0
"thread||veevus||veevus 16/0||16/0",0689b3c8-ad59-4a99-b8c7-9593cc3f7a0c,"Veevus 16/0",d7ef5c8b-382b-4547-9a78-5ade3e2aca6d,"Veevus 16/0 Light Cahill",Veevus,thread,"16/0","light cahill","16/0",0,0
"thread||veevus||veevus 16/0||16/0",0689b3c8-ad59-4a99-b8c7-9593cc3f7a0c,"Veevus 16/0",f45f8032-7062-4092-8aae-edefe5c1ad7b,"Veevus 16/0 Fl. Green",Veevus,thread,"16/0","fl. green","16/0",0,0
"thread||veevus||veevus 16/0||16/0",0689b3c8-ad59-4a99-b8c7-9593cc3f7a0c,"Veevus 16/0",f547c52a-abb5-4dc2-b833-16319ca5bfb6,"Veevus 16/0 Olive Dun",Veevus,thread,"16/0","olive dun","16/0",0,0
"thread||veevus||veevus 14/0||14/0",065f573f-81ab-4c3d-877e-49a8c56f0a5b,"Veevus 14/0",065f573f-81ab-4c3d-877e-49a8c56f0a5b,"Veevus 14/0 White",Veevus,thread,"14/0","white","14/0",0,0
"thread||veevus||veevus 14/0||14/0",065f573f-81ab-4c3d-877e-49a8c56f0a5b,"Veevus 14/0",187e415f-a001-41e7-a68a-e268d2be7e2c,"Veevus 14/0 Dark Brown",Veevus,thread,"14/0","dark brown","14/0",0,0
"thread||veevus||veevus 14/0||14/0",065f573f-81ab-4c3d-877e-49a8c56f0a5b,"Veevus 14/0",1d0b7951-8756-4d89-b341-f235de334cf7,"Veevus 14/0 Pale Green",Veevus,thread,"14/0","pale green","14/0",0,0
"thread||veevus||veevus 14/0||14/0",065f573f-81ab-4c3d-877e-49a8c56f0a5b,"Veevus 14/0",3ef008a4-7dc7-4cfe-9179-b7ab1997837f,"Veevus 14/0 Fl. Orange",Veevus,thread,"14/0","fl. orange","14/0",0,0
"thread||veevus||veevus 14/0||14/0",065f573f-81ab-4c3d-877e-49a8c56f0a5b,"Veevus 14/0",413ed351-d277-4a1e-b895-6dd61efc99aa,"Veevus 14/0 Brown",Veevus,thread,"14/0","brown","14/0",0,0
"thread||veevus||veevus 14/0||14/0",065f573f-81ab-4c3d-877e-49a8c56f0a5b,"Veevus 14/0",4509c347-e2e7-47b4-b471-db936fe8a723,"Veevus 14/0 Claret",Veevus,thread,"14/0","claret","14/0",0,0
"thread||veevus||veevus 14/0||14/0",065f573f-81ab-4c3d-877e-49a8c56f0a5b,"Veevus 14/0",4884f63f-4bc7-4f42-b89d-37441aab8363,"Veevus 14/0 Tan",Veevus,thread,"14/0","tan","14/0",0,0
"thread||veevus||veevus 14/0||14/0",065f573f-81ab-4c3d-877e-49a8c56f0a5b,"Veevus 14/0",664c68ca-d124-4f28-8547-b0acfab9ba98,"Veevus 14/0 Olive",Veevus,thread,"14/0","olive","14/0",0,0
"thread||veevus||veevus 14/0||14/0",065f573f-81ab-4c3d-877e-49a8c56f0a5b,"Veevus 14/0",66f15381-3005-4d76-a2c0-9b41de2973f0,"Veevus 14/0 Dun",Veevus,thread,"14/0","dun","14/0",0,0
"thread||veevus||veevus 14/0||14/0",065f573f-81ab-4c3d-877e-49a8c56f0a5b,"Veevus 14/0",7b2c5de2-115b-4d1f-9708-a636e9d501c0,"Veevus 14/0 Rusty Brown",Veevus,thread,"14/0","rusty brown","14/0",0,0
"thread||veevus||veevus 14/0||14/0",065f573f-81ab-4c3d-877e-49a8c56f0a5b,"Veevus 14/0",8f04bb7f-6514-4acd-864a-ca9b3b6ae95e,"Veevus 14/0 Pale Red",Veevus,thread,"14/0","pale red","14/0",0,0
"thread||veevus||veevus 14/0||14/0",065f573f-81ab-4c3d-877e-49a8c56f0a5b,"Veevus 14/0",ad082051-05fe-482b-878f-7d1e06694dfe,"Veevus 14/0 Fl. Green",Veevus,thread,"14/0","fl. green","14/0",0,0
"thread||veevus||veevus 14/0||14/0",065f573f-81ab-4c3d-877e-49a8c56f0a5b,"Veevus 14/0",bad9f191-c9f7-403e-be1f-4269a55adfa1,"Veevus 14/0 Black",Veevus,thread,"14/0","black","14/0",0,0
"thread||veevus||veevus 14/0||14/0",065f573f-81ab-4c3d-877e-49a8c56f0a5b,"Veevus 14/0",c0ca5b48-2c69-4522-a228-3da3ca0699ee,"Veevus 14/0 Fl. Yellow Chartreuse",Veevus,thread,"14/0","fl. yellow chartreuse","14/0",0,0
"thread||veevus||veevus 14/0||14/0",065f573f-81ab-4c3d-877e-49a8c56f0a5b,"Veevus 14/0",d3323ee0-14a5-45e2-8abb-7a288afefd71,"Veevus 14/0 Gray",Veevus,thread,"14/0","gray","14/0",0,0
"thread||veevus||veevus 14/0||14/0",065f573f-81ab-4c3d-877e-49a8c56f0a5b,"Veevus 14/0",d8b6f8b4-b27c-42cb-a9ff-8da1bf15f092,"Veevus 14/0 Red",Veevus,thread,"14/0","red","14/0",0,0
"thread||veevus||veevus 14/0||14/0",065f573f-81ab-4c3d-877e-49a8c56f0a5b,"Veevus 14/0",dc35a5e8-5dbd-48a0-bb8e-03fd0ccc2497,"Veevus 14/0 Pink",Veevus,thread,"14/0","pink","14/0",0,0
"thread||veevus||veevus 14/0||14/0",065f573f-81ab-4c3d-877e-49a8c56f0a5b,"Veevus 14/0",ef9f43e1-afe8-48b9-87e9-2e83faa31a0e,"Veevus 14/0 Orange",Veevus,thread,"14/0","orange","14/0",0,0
"thread||veevus||veevus 14/0||14/0",065f573f-81ab-4c3d-877e-49a8c56f0a5b,"Veevus 14/0",fa38f75e-8afd-42f9-b4e8-7c04a1cd52da,"Veevus 14/0 Light Cahill",Veevus,thread,"14/0","light cahill","14/0",0,0
"thread||veevus||veevus 14/0||14/0",065f573f-81ab-4c3d-877e-49a8c56f0a5b,"Veevus 14/0",fc4c6042-7627-495e-a60e-cb1a77b3580b,"Veevus 14/0 Light Olive",Veevus,thread,"14/0","light olive","14/0",0,0
"thread||veevus||veevus 8/0||8/0",07480f8f-326b-4ee4-85c1-679e43e9abef,"Veevus 8/0",07480f8f-326b-4ee4-85c1-679e43e9abef,"Veevus 8/0 Tan",Veevus,thread,"8/0","tan","8/0",0,0
"thread||veevus||veevus 8/0||8/0",07480f8f-326b-4ee4-85c1-679e43e9abef,"Veevus 8/0",16d1a137-110c-4c91-b0dc-27f1ef586d79,"Veevus 8/0 Claret",Veevus,thread,"8/0","claret","8/0",0,0
"thread||veevus||veevus 8/0||8/0",07480f8f-326b-4ee4-85c1-679e43e9abef,"Veevus 8/0",206aa24e-6a86-4bdc-a64c-7e2fb7f2dd7f,"Veevus 8/0 Dark Dun Brown",Veevus,thread,"8/0","dark dun brown","8/0",0,0
"thread||veevus||veevus 8/0||8/0",07480f8f-326b-4ee4-85c1-679e43e9abef,"Veevus 8/0",253ac300-6975-4461-be66-ed163a2ec576,"Veevus 8/0 Black",Veevus,thread,"8/0","black","8/0",0,0
"thread||veevus||veevus 8/0||8/0",07480f8f-326b-4ee4-85c1-679e43e9abef,"Veevus 8/0",30b9870c-df5f-4ae3-aaf1-2030a888fa72,"Veevus 8/0 Fl. Green",Veevus,thread,"8/0","fl. green","8/0",0,0
"thread||veevus||veevus 8/0||8/0",07480f8f-326b-4ee4-85c1-679e43e9abef,"Veevus 8/0",45479d31-ff22-45f9-a930-e2cebd7e91b5,"Veevus 8/0 Fl. Orange",Veevus,thread,"8/0","fl. orange","8/0",0,0
"thread||veevus||veevus 8/0||8/0",07480f8f-326b-4ee4-85c1-679e43e9abef,"Veevus 8/0",49c905d5-39da-4ce2-a4a9-40270655c803,"Veevus 8/0 Fl. Yellow Chartreuse",Veevus,thread,"8/0","fl. yellow chartreuse","8/0",0,0
"thread||veevus||veevus 8/0||8/0",07480f8f-326b-4ee4-85c1-679e43e9abef,"Veevus 8/0",4c1fc590-4910-4cd4-950f-82f4f4a9ecf8,"Veevus 8/0 Light Olive",Veevus,thread,"8/0","light olive","8/0",0,0
"thread||veevus||veevus 8/0||8/0",07480f8f-326b-4ee4-85c1-679e43e9abef,"Veevus 8/0",6532ba8f-272e-4a15-a294-605a0ebae1fe,"Veevus 8/0 White",Veevus,thread,"8/0","white","8/0",0,0
"thread||veevus||veevus 8/0||8/0",07480f8f-326b-4ee4-85c1-679e43e9abef,"Veevus 8/0",7571d3eb-56ef-4b26-b5a4-360fc7d984af,"Veevus 8/0 Orange",Veevus,thread,"8/0","orange","8/0",0,0
"thread||veevus||veevus 8/0||8/0",07480f8f-326b-4ee4-85c1-679e43e9abef,"Veevus 8/0",76d3cf2b-8cce-4f30-a1eb-13c40899699c,"Veevus 8/0 Brown",Veevus,thread,"8/0","brown","8/0",0,0
"thread||veevus||veevus 8/0||8/0",07480f8f-326b-4ee4-85c1-679e43e9abef,"Veevus 8/0",8811dfd4-960b-4925-babd-03d0f2bedf2f,"Veevus 8/0 Red",Veevus,thread,"8/0","red","8/0",0,0
"thread||veevus||veevus 8/0||8/0",07480f8f-326b-4ee4-85c1-679e43e9abef,"Veevus 8/0",89b4182e-2398-4e90-b3bf-99b96019f7b3,"Veevus 8/0 Rusty Brown",Veevus,thread,"8/0","rusty brown","8/0",0,0
"thread||veevus||veevus 8/0||8/0",07480f8f-326b-4ee4-85c1-679e43e9abef,"Veevus 8/0",8ef5d43f-da96-4a47-a944-7ad062b3b59e,"Veevus 8/0 Pink",Veevus,thread,"8/0","pink","8/0",0,0
"thread||veevus||veevus 8/0||8/0",07480f8f-326b-4ee4-85c1-679e43e9abef,"Veevus 8/0",939348b9-8f6f-471a-a489-c73b43e8aae3,"Veevus 8/0 Dark Pink",Veevus,thread,"8/0","dark pink","8/0",0,0
"thread||veevus||veevus 8/0||8/0",07480f8f-326b-4ee4-85c1-679e43e9abef,"Veevus 8/0",94d0d48e-f6ab-4c32-bfac-1b6d32c3582a,"Veevus 8/0 Purple",Veevus,thread,"8/0","purple","8/0",0,0
"thread||veevus||veevus 8/0||8/0",07480f8f-326b-4ee4-85c1-679e43e9abef,"Veevus 8/0",98550f69-457b-40e5-a2eb-fa28e8264181,"Veevus 8/0 Gray",Veevus,thread,"8/0","gray","8/0",0,0
"thread||veevus||veevus 8/0||8/0",07480f8f-326b-4ee4-85c1-679e43e9abef,"Veevus 8/0",caa42cae-5f29-4a63-b8b0-5ceaa890aa97,"Veevus 8/0 Light Cahill",Veevus,thread,"8/0","light cahill","8/0",0,0
"thread||veevus||veevus 8/0||8/0",07480f8f-326b-4ee4-85c1-679e43e9abef,"Veevus 8/0",d8da1b07-a285-4ffa-bb89-5ab716e65730,"Veevus 8/0 Olive",Veevus,thread,"8/0","olive","8/0",0,0
"thread||veevus||veevus 12/0||12/0",25291552-7354-4c52-9eb9-ca50c92655f5,"Veevus 12/0",25291552-7354-4c52-9eb9-ca50c92655f5,"Veevus 12/0 Light Cahill",Veevus,thread,"12/0","light cahill","12/0",0,0
"thread||veevus||veevus 12/0||12/0",25291552-7354-4c52-9eb9-ca50c92655f5,"Veevus 12/0",401434c6-121b-4de9-9b77-1fcf8203ace8,"Veevus 12/0 Pink",Veevus,thread,"12/0","pink","12/0",0,0
"thread||veevus||veevus 12/0||12/0",25291552-7354-4c52-9eb9-ca50c92655f5,"Veevus 12/0",45d1f14b-ab4e-49d6-ad6c-511c20bf53a6,"Veevus 12/0 Fl. Yellow Chartreuse",Veevus,thread,"12/0","fl. yellow chartreuse","12/0",0,0
"thread||veevus||veevus 12/0||12/0",25291552-7354-4c52-9eb9-ca50c92655f5,"Veevus 12/0",4736b5fb-cce9-4ce9-a2b1-fdebb508f0c3,"Veevus 12/0 Lavender",Veevus,thread,"12/0","lavender","12/0",0,0
"thread||veevus||veevus 12/0||12/0",25291552-7354-4c52-9eb9-ca50c92655f5,"Veevus 12/0",47718d59-8be6-4682-95ee-84ec2b0d19e1,"Veevus 12/0 Dark Dun Brown",Veevus,thread,"12/0","dark dun brown","12/0",0,0
"thread||veevus||veevus 12/0||12/0",25291552-7354-4c52-9eb9-ca50c92655f5,"Veevus 12/0",57f330be-49cf-42f1-80b3-f31483345f3a,"Veevus 12/0 Dun",Veevus,thread,"12/0","dun","12/0",0,0
"thread||veevus||veevus 12/0||12/0",25291552-7354-4c52-9eb9-ca50c92655f5,"Veevus 12/0",60f4e871-74f4-4ffd-8e9e-9b4b6b45a515,"Veevus 12/0 Lt. Olive",Veevus,thread,"12/0","lt. olive","12/0",0,0
"thread||veevus||veevus 12/0||12/0",25291552-7354-4c52-9eb9-ca50c92655f5,"Veevus 12/0",72b861ac-bce8-4103-99e4-b9256c187b9c,"Veevus 12/0 Claret",Veevus,thread,"12/0","claret","12/0",0,0
"thread||veevus||veevus 12/0||12/0",25291552-7354-4c52-9eb9-ca50c92655f5,"Veevus 12/0",7695d66a-1d07-4638-9373-1e1424fcf066,"Veevus 12/0 Fl. Green",Veevus,thread,"12/0","fl. green","12/0",0,0
"thread||veevus||veevus 12/0||12/0",25291552-7354-4c52-9eb9-ca50c92655f5,"Veevus 12/0",7fd5420f-2da8-4b3e-b6eb-a4380cb00d48,"Veevus 12/0 Fl. Orange",Veevus,thread,"12/0","fl. orange","12/0",0,0
"thread||veevus||veevus 12/0||12/0",25291552-7354-4c52-9eb9-ca50c92655f5,"Veevus 12/0",892ad75e-6921-4545-85ac-faf529f1d953,"Veevus 12/0 Red",Veevus,thread,"12/0","red","12/0",0,0
"thread||veevus||veevus 12/0||12/0",25291552-7354-4c52-9eb9-ca50c92655f5,"Veevus 12/0",8a4e8083-0f71-457d-970d-fd879a0a4805,"Veevus 12/0 Tan",Veevus,thread,"12/0","tan","12/0",0,0
"thread||veevus||veevus 12/0||12/0",25291552-7354-4c52-9eb9-ca50c92655f5,"Veevus 12/0",ae3e72bc-1c4e-407b-871c-119a5824749c,"Veevus 12/0 Light Olive",Veevus,thread,"12/0","light olive","12/0",0,0
"thread||veevus||veevus 12/0||12/0",25291552-7354-4c52-9eb9-ca50c92655f5,"Veevus 12/0",b4f37157-25d6-4443-bf3f-d7e7285903f5,"Veevus 12/0 Light Grey",Veevus,thread,"12/0","light grey","12/0",0,0
"thread||veevus||veevus 12/0||12/0",25291552-7354-4c52-9eb9-ca50c92655f5,"Veevus 12/0",bb0ba939-d03b-482b-9703-388b98981c6a,"Veevus 12/0 Pale Tan",Veevus,thread,"12/0","pale tan","12/0",0,0
"thread||veevus||veevus 12/0||12/0",25291552-7354-4c52-9eb9-ca50c92655f5,"Veevus 12/0",c188e1cc-a268-4c21-9316-46a808402b95,"Veevus 12/0 White",Veevus,thread,"12/0","white","12/0",0,0
"thread||veevus||veevus 12/0||12/0",25291552-7354-4c52-9eb9-ca50c92655f5,"Veevus 12/0",d9573e3e-8ccd-4f5b-88e6-df430f5cfe3a,"Veevus 12/0 Black",Veevus,thread,"12/0","black","12/0",0,0
"thread||veevus||veevus 12/0||12/0",25291552-7354-4c52-9eb9-ca50c92655f5,"Veevus 12/0",e3edf8e6-6270-4ea7-b718-08e4b700147a,"Veevus 12/0 Dark Olive",Veevus,thread,"12/0","dark olive","12/0",0,0
"thread||veevus||veevus 12/0||12/0",25291552-7354-4c52-9eb9-ca50c92655f5,"Veevus 12/0",ff508947-41eb-403f-ab15-83dbd57a3123,"Veevus 12/0 Olive",Veevus,thread,"12/0","olive","12/0",0,0
"thread||veevus||veevus 6/0||6/0",0936f500-c806-4d2b-8afc-24466f0368e2,"Veevus 6/0",0936f500-c806-4d2b-8afc-24466f0368e2,"Veevus 6/0 Brown",Veevus,thread,"6/0","brown","6/0",0,0
"thread||veevus||veevus 6/0||6/0",0936f500-c806-4d2b-8afc-24466f0368e2,"Veevus 6/0",1a985362-bf89-4b01-aa4e-3c530b01b918,"Veevus 6/0 Light Olive",Veevus,thread,"6/0","light olive","6/0",0,0
"thread||veevus||veevus 6/0||6/0",0936f500-c806-4d2b-8afc-24466f0368e2,"Veevus 6/0",2d6646ff-c97e-40f6-9c75-e9196b4c2338,"Veevus 6/0 Pink",Veevus,thread,"6/0","pink","6/0",0,0
"thread||veevus||veevus 6/0||6/0",0936f500-c806-4d2b-8afc-24466f0368e2,"Veevus 6/0",2e0fc19b-1642-4043-a337-0de30f9eba49,"Veevus 6/0 Rusty Brown",Veevus,thread,"6/0","rusty brown","6/0",0,0
"thread||veevus||veevus 6/0||6/0",0936f500-c806-4d2b-8afc-24466f0368e2,"Veevus 6/0",5d6c25bb-6333-4a88-8aa7-040d00a6ee44,"Veevus 6/0 Fl. Orange",Veevus,thread,"6/0","fl. orange","6/0",0,0
"thread||veevus||veevus 6/0||6/0",0936f500-c806-4d2b-8afc-24466f0368e2,"Veevus 6/0",63d25cda-d5af-47ea-a834-ba7250ca625f,"Veevus 6/0 Lavender",Veevus,thread,"6/0","lavender","6/0",0,0
"thread||veevus||veevus 6/0||6/0",0936f500-c806-4d2b-8afc-24466f0368e2,"Veevus 6/0",6a3c5b69-8b28-45df-83b6-28fb64da6d70,"Veevus 6/0 Olive",Veevus,thread,"6/0","olive","6/0",0,0
"thread||veevus||veevus 6/0||6/0",0936f500-c806-4d2b-8afc-24466f0368e2,"Veevus 6/0",6a4caead-4957-4826-b1c4-c1b83b5c4aa8,"Veevus 6/0 Rose Pink",Veevus,thread,"6/0","rose pink","6/0",0,0
"thread||veevus||veevus 6/0||6/0",0936f500-c806-4d2b-8afc-24466f0368e2,"Veevus 6/0",6b725367-c48e-4982-a346-3687ce03360a,"Veevus 6/0 White",Veevus,thread,"6/0","white","6/0",0,0
"thread||veevus||veevus 6/0||6/0",0936f500-c806-4d2b-8afc-24466f0368e2,"Veevus 6/0",7cc640b0-a251-489a-8a5b-4f19fa2f09dd,"Veevus 6/0 Red",Veevus,thread,"6/0","red","6/0",0,0
"thread||veevus||veevus 6/0||6/0",0936f500-c806-4d2b-8afc-24466f0368e2,"Veevus 6/0",7d39ad98-3c20-451f-9c92-f85ad72d5ddd,"Veevus 6/0 Dark Pink",Veevus,thread,"6/0","dark pink","6/0",0,0
"thread||veevus||veevus 6/0||6/0",0936f500-c806-4d2b-8afc-24466f0368e2,"Veevus 6/0",83c533ab-09e5-4653-9671-18ef2e62549a,"Veevus 6/0 Fl. Green",Veevus,thread,"6/0","fl. green","6/0",0,0
"thread||veevus||veevus 6/0||6/0",0936f500-c806-4d2b-8afc-24466f0368e2,"Veevus 6/0",a62b2d55-253a-485b-ad3f-4532a03c9100,"Veevus 6/0 Black",Veevus,thread,"6/0","black","6/0",0,0
"thread||veevus||veevus 6/0||6/0",0936f500-c806-4d2b-8afc-24466f0368e2,"Veevus 6/0",a7b6ccec-e6ae-48ad-b510-2f1410c3462d,"Veevus 6/0 Pale Green",Veevus,thread,"6/0","pale green","6/0",0,0
"thread||veevus||veevus 6/0||6/0",0936f500-c806-4d2b-8afc-24466f0368e2,"Veevus 6/0",a9e9ac3f-98fd-44c8-8006-6b204bcbef19,"Veevus 6/0 Silver Doctor Blue",Veevus,thread,"6/0","silver doctor blue","6/0",0,0
"thread||veevus||veevus 6/0||6/0",0936f500-c806-4d2b-8afc-24466f0368e2,"Veevus 6/0",adcea9fc-5c3e-4d2e-92be-052ff524eeb5,"Veevus 6/0 Claret",Veevus,thread,"6/0","claret","6/0",0,0
"thread||veevus||veevus 6/0||6/0",0936f500-c806-4d2b-8afc-24466f0368e2,"Veevus 6/0",b696d5c2-de1c-4929-b24c-28bb4a11fe64,"Veevus 6/0 Light Cahill",Veevus,thread,"6/0","light cahill","6/0",0,0
"thread||veevus||veevus 6/0||6/0",0936f500-c806-4d2b-8afc-24466f0368e2,"Veevus 6/0",ee68d754-3038-4c55-aa9b-6d181e06f390,"Veevus 6/0 Fl. Yellow Chartreuse",Veevus,thread,"6/0","fl. yellow chartreuse","6/0",0,0
"dubbing||hareline||ice dub||",06d3ce50-3426-4c47-b348-9efa5cfffc23,"Ice Dub",06d3ce50-3426-4c47-b348-9efa5cfffc23,"Ice Dub",Hareline,dubbing,"","","",0,0
"dubbing||hareline||ice dub||",06d3ce50-3426-4c47-b348-9efa5cfffc23,"Ice Dub",16ccb6e3-76a7-477b-a8de-dc094c46a026,"Ice Dub UV Brown",Hareline,dubbing,"","uv brown","",0,0
"dubbing||hareline||ice dub||",06d3ce50-3426-4c47-b348-9efa5cfffc23,"Ice Dub",229b6e42-c1cb-4894-bbd2-9f87d9d5cfd4,"Ice Dub Callibaetis",Hareline,dubbing,"","callibaetis","",0,0
"dubbing||hareline||ice dub||",06d3ce50-3426-4c47-b348-9efa5cfffc23,"Ice Dub",31593902-cd55-4ec4-bcde-e3c704f89ef1,"Ice Dub Olive",Hareline,dubbing,"","olive","",0,0
"dubbing||hareline||ice dub||",06d3ce50-3426-4c47-b348-9efa5cfffc23,"Ice Dub",558ce800-46ab-4205-903b-e690a15dda69,"Ice Dub UV Purple",Hareline,dubbing,"","uv purple","",0,0
"dubbing||hareline||ice dub||",06d3ce50-3426-4c47-b348-9efa5cfffc23,"Ice Dub",5705067b-8a43-4464-b4a9-35435560e3b7,"Ice Dub Hares Ear",Hareline,dubbing,"","hares ear","",0,0
"dubbing||hareline||ice dub||",06d3ce50-3426-4c47-b348-9efa5cfffc23,"Ice Dub",5b403c6b-f75e-409e-9d25-9bb65b179b23,"Ice Dub UV Olive",Hareline,dubbing,"","uv olive","",0,0
"dubbing||hareline||ice dub||",06d3ce50-3426-4c47-b348-9efa5cfffc23,"Ice Dub",657f15ce-ac45-42d2-be03-3ed376db2094,"Ice Dub Brown",Hareline,dubbing,"","brown","",0,0
"dubbing||hareline||ice dub||",06d3ce50-3426-4c47-b348-9efa5cfffc23,"Ice Dub",70ebd96a-5b8f-4906-947c-4830374aeb00,"Ice Dub UV Shrimp Pink",Hareline,dubbing,"","uv shrimp pink","",0,0
"dubbing||hareline||ice dub||",06d3ce50-3426-4c47-b348-9efa5cfffc23,"Ice Dub",772a4b0d-adbd-4d31-8210-802e083884e6,"Ice Dub UV Chartreuse",Hareline,dubbing,"","uv chartreuse","",0,0
"dubbing||hareline||ice dub||",06d3ce50-3426-4c47-b348-9efa5cfffc23,"Ice Dub",996dcdb4-5920-4038-80ba-a4855813cf13,"Ice Dub Black",Hareline,dubbing,"","black","",0,0
"dubbing||hareline||ice dub||",06d3ce50-3426-4c47-b348-9efa5cfffc23,"Ice Dub",ca5c8f0d-ead6-4794-81ee-466467ad4c3a,"Ice Dub Peacock",Hareline,dubbing,"","peacock","",0,0
"dubbing||hareline||ice dub||",06d3ce50-3426-4c47-b348-9efa5cfffc23,"Ice Dub",ccf44230-09b5-4346-aa85-f9b4fe3d0ce5,"Ice Dub Tan",Hareline,dubbing,"","tan","",0,0
"dubbing||hareline||ice dub||",06d3ce50-3426-4c47-b348-9efa5cfffc23,"Ice Dub",cf4ed844-0c47-476a-bccf-e9bd5865bc18,"Ice Dub Rust Brown",Hareline,dubbing,"","rust brown","",0,0
"dubbing||hareline||ice dub||",06d3ce50-3426-4c47-b348-9efa5cfffc23,"Ice Dub",cfbe29d0-3ae1-43c1-a7bf-aa9f2df9c1b6,"Ice Dub UV Pearl",Hareline,dubbing,"","uv pearl","",0,0
"dubbing||hareline||ice dub||",06d3ce50-3426-4c47-b348-9efa5cfffc23,"Ice Dub",d10a3deb-6a20-4bc1-96f7-11f807caed8d,"Ice Dub Pheasant Tail",Hareline,dubbing,"","pheasant tail","",0,0
"body||veevus||veevus body quill||",2798cdd4-a9c3-431c-9a53-e5ebb971eebc,"Veevus Body Quill",2798cdd4-a9c3-431c-9a53-e5ebb971eebc,"Veevus Body Quill Fl. Hot Pink",Veevus,body,"","fl. hot pink","",0,0
"body||veevus||veevus body quill||",2798cdd4-a9c3-431c-9a53-e5ebb971eebc,"Veevus Body Quill",332ba66f-2cf0-43e1-b5ca-8cdea83a7385,"Veevus Body Quill Fl. Yellow",Veevus,body,"","fl. yellow","",0,0
"body||veevus||veevus body quill||",2798cdd4-a9c3-431c-9a53-e5ebb971eebc,"Veevus Body Quill",3ea182e8-2ce6-4fe8-80c3-1666de9e147c,"Veevus Body Quill Hot Orange",Veevus,body,"","hot orange","",0,0
"body||veevus||veevus body quill||",2798cdd4-a9c3-431c-9a53-e5ebb971eebc,"Veevus Body Quill",4617a1ad-b3cd-43c0-b4f6-23936ae0af46,"Veevus Body Quill Tan",Veevus,body,"","tan","",0,0
"body||veevus||veevus body quill||",2798cdd4-a9c3-431c-9a53-e5ebb971eebc,"Veevus Body Quill",4c6e1dc3-405c-4185-8678-8fc1ce890afd,"Veevus Body Quill Gold",Veevus,body,"","gold","",0,0
"body||veevus||veevus body quill||",2798cdd4-a9c3-431c-9a53-e5ebb971eebc,"Veevus Body Quill",703ff838-c5b3-42d5-8161-d5c89adb3250,"Veevus Body Quill G. Brown",Veevus,body,"","g. brown","",0,0
"body||veevus||veevus body quill||",2798cdd4-a9c3-431c-9a53-e5ebb971eebc,"Veevus Body Quill",7b025c8b-846f-4b21-b330-d581b447185a,"Veevus Body Quill Fuchsia",Veevus,body,"","fuchsia","",0,0
"body||veevus||veevus body quill||",2798cdd4-a9c3-431c-9a53-e5ebb971eebc,"Veevus Body Quill",8bf10c64-ce75-4473-9ed4-79e8962d9c91,"Veevus Body Quill Olive",Veevus,body,"","olive","",0,0
"body||veevus||veevus body quill||",2798cdd4-a9c3-431c-9a53-e5ebb971eebc,"Veevus Body Quill",9231ec8a-0187-40c4-9de6-9330a149913f,"Veevus Body Quill Black",Veevus,body,"","black","",0,0
"body||veevus||veevus body quill||",2798cdd4-a9c3-431c-9a53-e5ebb971eebc,"Veevus Body Quill",a7077ae8-67de-4ec3-a049-92ebb0f070a5,"Veevus Body Quill Yellow",Veevus,body,"","yellow","",0,0
"body||veevus||veevus body quill||",2798cdd4-a9c3-431c-9a53-e5ebb971eebc,"Veevus Body Quill",adf7ea09-4b2d-4f8a-938b-d58be8baca06,"Veevus Body Quill Brown",Veevus,body,"","brown","",0,0
"body||veevus||veevus body quill||",2798cdd4-a9c3-431c-9a53-e5ebb971eebc,"Veevus Body Quill",b8bcecd2-92c0-41af-a8e6-53aa54ec1258,"Veevus Body Quill Lt. Olive",Veevus,body,"","lt. olive","",0,0
"body||veevus||veevus body quill||",2798cdd4-a9c3-431c-9a53-e5ebb971eebc,"Veevus Body Quill",bf192143-05eb-4a6c-91fd-30050d760b17,"Veevus Body Quill Pale Pink",Veevus,body,"","pale pink","",0,0
"body||veevus||veevus body quill||",2798cdd4-a9c3-431c-9a53-e5ebb971eebc,"Veevus Body Quill",d05515b0-2e8e-430a-8ac0-43d9022be00b,"Veevus Body Quill Fl. Orange",Veevus,body,"","fl. orange","",0,0
"body||veevus||veevus body quill||",2798cdd4-a9c3-431c-9a53-e5ebb971eebc,"Veevus Body Quill",d9557330-4a30-45d4-907b-7bbc8121f107,"Veevus Body Quill Fl. Chartreuse",Veevus,body,"","fl. chartreuse","",0,0
"body||veevus||veevus body quill||",2798cdd4-a9c3-431c-9a53-e5ebb971eebc,"Veevus Body Quill",f38e7b02-b9a3-46d7-bf81-b513364bd92b,"Veevus Body Quill Claret",Veevus,body,"","claret","",0,0
"thread||veevus||14/0||14/0",07c2bfa2-06ac-48e6-aa51-70e15eef1457,"14/0",023d4b33-c1a5-4f6e-a63c-31359b2ac692,"14/0 Light Cahill",Veevus,thread,"14/0","Light Cahill","14/0",0,0
"thread||veevus||14/0||14/0",07c2bfa2-06ac-48e6-aa51-70e15eef1457,"14/0",07c2bfa2-06ac-48e6-aa51-70e15eef1457,"14/0 Tan",Veevus,thread,"14/0","Tan","14/0",0,0
"thread||veevus||14/0||14/0",07c2bfa2-06ac-48e6-aa51-70e15eef1457,"14/0",1e04374c-ae9d-4e42-ada3-e4d3120d4031,"14/0 Yellow",Veevus,thread,"14/0","Yellow","14/0",0,0
"thread||veevus||14/0||14/0",07c2bfa2-06ac-48e6-aa51-70e15eef1457,"14/0",43e2f97f-f2ed-41c3-bd05-3b7b329e4ad5,"14/0 Wine",Veevus,thread,"14/0","Wine","14/0",0,0
"thread||veevus||14/0||14/0",07c2bfa2-06ac-48e6-aa51-70e15eef1457,"14/0",8227c9d4-8edf-4d1c-b114-1454185ec06d,"14/0 Iron Gray",Veevus,thread,"14/0","Iron Gray","14/0",0,0
"thread||veevus||14/0||14/0",07c2bfa2-06ac-48e6-aa51-70e15eef1457,"14/0",93034b03-e991-4f67-93ab-7b56bfd4914a,"14/0 Pale Olive",Veevus,thread,"14/0","Pale Olive","14/0",0,0
"thread||veevus||14/0||14/0",07c2bfa2-06ac-48e6-aa51-70e15eef1457,"14/0",ae89b65d-dfcc-409e-b0a9-e946394c97ae,"14/0 White",Veevus,thread,"14/0","White","14/0",0,0
"thread||veevus||14/0||14/0",07c2bfa2-06ac-48e6-aa51-70e15eef1457,"14/0",bd218870-7227-4545-9273-21096f86a31a,"14/0 Black",Veevus,thread,"14/0","Black","14/0",0,0
"thread||veevus||14/0||14/0",07c2bfa2-06ac-48e6-aa51-70e15eef1457,"14/0",ce71b780-7c2a-4b8f-821d-179634549bd2,"14/0 Brown",Veevus,thread,"14/0","Brown","14/0",0,0
"thread||veevus||14/0||14/0",07c2bfa2-06ac-48e6-aa51-70e15eef1457,"14/0",dd7c0982-59ee-4449-b3ff-1d045bc0877e,"14/0 Gray",Veevus,thread,"14/0","Gray","14/0",0,0
"thread||veevus||14/0||14/0",07c2bfa2-06ac-48e6-aa51-70e15eef1457,"14/0",de4088ce-a306-4c80-b6c8-4a1b9ea6ba0b,"14/0 Hot Orange",Veevus,thread,"14/0","Hot Orange","14/0",0,0
"thread||veevus||14/0||14/0",07c2bfa2-06ac-48e6-aa51-70e15eef1457,"14/0",e7ab6fde-9578-4a52-a06f-70ce802a698d,"14/0 Red",Veevus,thread,"14/0","Red","14/0",0,0
"thread||veevus||14/0||14/0",07c2bfa2-06ac-48e6-aa51-70e15eef1457,"14/0",ed2e27a0-f9fa-4f65-a850-8a94f04b3c81,"14/0 Olive",Veevus,thread,"14/0","Olive","14/0",0,0
"thread||veevus||14/0||14/0",07c2bfa2-06ac-48e6-aa51-70e15eef1457,"14/0",f57c3f8c-5d95-4756-be2d-73b60771ce19,"14/0 Cream",Veevus,thread,"14/0","Cream","14/0",0,0
"thread||veevus||12/0||12/0",02723044-ea03-4170-bf86-fe303a89ecee,"12/0",02723044-ea03-4170-bf86-fe303a89ecee,"12/0 Cream",Veevus,thread,"12/0","Cream","12/0",0,0
"thread||veevus||12/0||12/0",02723044-ea03-4170-bf86-fe303a89ecee,"12/0",2a26d2b8-d731-4cb1-af59-3d10041c65e0,"12/0 Hot Orange",Veevus,thread,"12/0","Hot Orange","12/0",0,0
"thread||veevus||12/0||12/0",02723044-ea03-4170-bf86-fe303a89ecee,"12/0",2ca4939f-4398-4084-97b1-6d78e3d049ea,"12/0 Tan",Veevus,thread,"12/0","Tan","12/0",0,0
"thread||veevus||12/0||12/0",02723044-ea03-4170-bf86-fe303a89ecee,"12/0",2d349a03-972b-4f4d-84ec-63f316073251,"12/0 Brown",Veevus,thread,"12/0","Brown","12/0",0,0
"thread||veevus||12/0||12/0",02723044-ea03-4170-bf86-fe303a89ecee,"12/0",358a41fd-9947-4c18-b86e-c4cc11b15ad7,"12/0 Black",Veevus,thread,"12/0","Black","12/0",0,0
"thread||veevus||12/0||12/0",02723044-ea03-4170-bf86-fe303a89ecee,"12/0",429d083d-f468-4a86-b52a-5d6b8b75ed59,"12/0 Pale Olive",Veevus,thread,"12/0","Pale Olive","12/0",0,0
"thread||veevus||12/0||12/0",02723044-ea03-4170-bf86-fe303a89ecee,"12/0",4624bb13-453f-4437-b0e0-b7ff12f5eacb,"12/0 Light Cahill",Veevus,thread,"12/0","Light Cahill","12/0",0,0
"thread||veevus||12/0||12/0",02723044-ea03-4170-bf86-fe303a89ecee,"12/0",46ef125a-3424-45fd-8161-9c31727b79f9,"12/0 Olive",Veevus,thread,"12/0","Olive","12/0",0,0
"thread||veevus||12/0||12/0",02723044-ea03-4170-bf86-fe303a89ecee,"12/0",5e9cb0a0-6762-40d9-89e7-9bd107cba743,"12/0 Wine",Veevus,thread,"12/0","Wine","12/0",0,0
"thread||veevus||12/0||12/0",02723044-ea03-4170-bf86-fe303a89ecee,"12/0",82fc4f4c-b1c6-413a-aaaa-b3ce6b947c3d,"12/0 White",Veevus,thread,"12/0","White","12/0",0,0
"thread||veevus||12/0||12/0",02723044-ea03-4170-bf86-fe303a89ecee,"12/0",9bfba098-0a00-42bc-8cf0-45b87fdad8f6,"12/0 Gray",Veevus,thread,"12/0","Gray","12/0",0,0
"thread||veevus||12/0||12/0",02723044-ea03-4170-bf86-fe303a89ecee,"12/0",a687b5de-cf62-43ed-8eef-d822c0f139b0,"12/0 Yellow",Veevus,thread,"12/0","Yellow","12/0",0,0
"thread||veevus||12/0||12/0",02723044-ea03-4170-bf86-fe303a89ecee,"12/0",aefb10a5-123a-4d60-b924-bec358d38ffe,"12/0 Iron Gray",Veevus,thread,"12/0","Iron Gray","12/0",0,0
"thread||veevus||12/0||12/0",02723044-ea03-4170-bf86-fe303a89ecee,"12/0",cba9507b-c33f-418c-9726-4090cca6225f,"12/0 Red",Veevus,thread,"12/0","Red","12/0",0,0
"thread||veevus||8/0||8/0",06b6d417-9003-4435-91bb-86a0715983f9,"8/0",06b6d417-9003-4435-91bb-86a0715983f9,"8/0 Olive",Veevus,thread,"8/0","Olive","8/0",0,0
"thread||veevus||8/0||8/0",06b6d417-9003-4435-91bb-86a0715983f9,"8/0",0c0dff5b-1f29-4dac-87dc-1c323e7ae22b,"8/0 Gray",Veevus,thread,"8/0","Gray","8/0",0,0
"thread||veevus||8/0||8/0",06b6d417-9003-4435-91bb-86a0715983f9,"8/0",1bdfd881-debb-4fac-b9d0-7a7419142ced,"8/0 Hot Orange",Veevus,thread,"8/0","Hot Orange","8/0",0,0
"thread||veevus||8/0||8/0",06b6d417-9003-4435-91bb-86a0715983f9,"8/0",5e7f2c5d-f67e-4c28-9870-f9c24dee3d75,"8/0 Red",Veevus,thread,"8/0","Red","8/0",0,0
"thread||veevus||8/0||8/0",06b6d417-9003-4435-91bb-86a0715983f9,"8/0",7c137ef0-73c5-44da-b86d-bb463fdb371d,"8/0 White",Veevus,thread,"8/0","White","8/0",0,0
"thread||veevus||8/0||8/0",06b6d417-9003-4435-91bb-86a0715983f9,"8/0",9568c1d9-4590-4269-af23-e9c8920f9e58,"8/0 Wine",Veevus,thread,"8/0","Wine","8/0",0,0
"thread||veevus||8/0||8/0",06b6d417-9003-4435-91bb-86a0715983f9,"8/0",b1304847-1ed0-4d69-8d2f-a8f9e859537b,"8/0 Tan",Veevus,thread,"8/0","Tan","8/0",0,0
"thread||veevus||8/0||8/0",06b6d417-9003-4435-91bb-86a0715983f9,"8/0",b3eb97ae-557a-4c42-945e-ea38e3c80692,"8/0 Black",Veevus,thread,"8/0","Black","8/0",0,0
"thread||veevus||8/0||8/0",06b6d417-9003-4435-91bb-86a0715983f9,"8/0",bef0f2de-c2d4-43a3-ba04-a1922c26f7db,"8/0 Iron Gray",Veevus,thread,"8/0","Iron Gray","8/0",0,0
"thread||veevus||8/0||8/0",06b6d417-9003-4435-91bb-86a0715983f9,"8/0",c588fd50-723f-4785-9799-f7502837a7e4,"8/0 Light Cahill",Veevus,thread,"8/0","Light Cahill","8/0",0,0
"thread||veevus||8/0||8/0",06b6d417-9003-4435-91bb-86a0715983f9,"8/0",cd3ada15-cc68-4830-8ce9-13daaa27c717,"8/0 Cream",Veevus,thread,"8/0","Cream","8/0",0,0
"thread||veevus||8/0||8/0",06b6d417-9003-4435-91bb-86a0715983f9,"8/0",e4b6145e-0fda-4c91-bcfd-9d01010eeae4,"8/0 Pale Olive",Veevus,thread,"8/0","Pale Olive","8/0",0,0
"thread||veevus||8/0||8/0",06b6d417-9003-4435-91bb-86a0715983f9,"8/0",ed6b9f0d-e3c1-4b24-8671-cfc4cdfb9170,"8/0 Yellow",Veevus,thread,"8/0","Yellow","8/0",0,0
"thread||veevus||8/0||8/0",06b6d417-9003-4435-91bb-86a0715983f9,"8/0",fd24cdfc-1213-447a-8bb9-52fdf822ad26,"8/0 Brown",Veevus,thread,"8/0","Brown","8/0",0,0
"thread||veevus||6/0||6/0",0df2fc96-4510-4034-99ca-3bbea6e3b171,"6/0",0df2fc96-4510-4034-99ca-3bbea6e3b171,"6/0 Hot Orange",Veevus,thread,"6/0","Hot Orange","6/0",0,0
"thread||veevus||6/0||6/0",0df2fc96-4510-4034-99ca-3bbea6e3b171,"6/0",20c060a8-c27e-4d60-89d6-92c0840e248f,"6/0 Wine",Veevus,thread,"6/0","Wine","6/0",0,0
"thread||veevus||6/0||6/0",0df2fc96-4510-4034-99ca-3bbea6e3b171,"6/0",25d6462a-8006-43e7-b120-bd84f172f381,"6/0 Iron Gray",Veevus,thread,"6/0","Iron Gray","6/0",0,0
"thread||veevus||6/0||6/0",0df2fc96-4510-4034-99ca-3bbea6e3b171,"6/0",29660c13-5fa7-44ee-b244-1fd4880fdb4d,"6/0 White",Veevus,thread,"6/0","White","6/0",0,0
"thread||veevus||6/0||6/0",0df2fc96-4510-4034-99ca-3bbea6e3b171,"6/0",3096c4fa-4f82-4b09-a0d8-4f9a36233b6f,"6/0 Gray",Veevus,thread,"6/0","Gray","6/0",0,0
"thread||veevus||6/0||6/0",0df2fc96-4510-4034-99ca-3bbea6e3b171,"6/0",35cbc0db-9497-48a8-b3ce-663aecf74676,"6/0 Brown",Veevus,thread,"6/0","Brown","6/0",0,0
"thread||veevus||6/0||6/0",0df2fc96-4510-4034-99ca-3bbea6e3b171,"6/0",43f9f494-f62a-45a4-b950-9a8b5fa4ee02,"6/0 Cream",Veevus,thread,"6/0","Cream","6/0",0,0
"thread||veevus||6/0||6/0",0df2fc96-4510-4034-99ca-3bbea6e3b171,"6/0",4a801271-a02b-4fb0-9012-803be5068c62,"6/0 Red",Veevus,thread,"6/0","Red","6/0",0,0
"thread||veevus||6/0||6/0",0df2fc96-4510-4034-99ca-3bbea6e3b171,"6/0",6a9b758d-d546-43e5-abb2-75e57a2f02db,"6/0 Tan",Veevus,thread,"6/0","Tan","6/0",0,0
"thread||veevus||6/0||6/0",0df2fc96-4510-4034-99ca-3bbea6e3b171,"6/0",89b02390-475e-4650-9c09-6f3f5b936127,"6/0 Yellow",Veevus,thread,"6/0","Yellow","6/0",0,0
"thread||veevus||6/0||6/0",0df2fc96-4510-4034-99ca-3bbea6e3b171,"6/0",93b32f61-7d2d-40c0-b58b-e062abc8c334,"6/0 Black",Veevus,thread,"6/0","Black","6/0",0,0
"thread||veevus||6/0||6/0",0df2fc96-4510-4034-99ca-3bbea6e3b171,"6/0",a161c009-a6b0-431d-9ff8-6021dba0d291,"6/0 Olive",Veevus,thread,"6/0","Olive","6/0",0,0
"thread||veevus||6/0||6/0",0df2fc96-4510-4034-99ca-3bbea6e3b171,"6/0",e2b785d3-ada4-4d42-83db-0527c1f15f5e,"6/0 Light Cahill",Veevus,thread,"6/0","Light Cahill","6/0",0,0
"thread||veevus||6/0||6/0",0df2fc96-4510-4034-99ca-3bbea6e3b171,"6/0",fecd7953-a836-48c9-8252-dab7cd66a807,"6/0 Pale Olive",Veevus,thread,"6/0","Pale Olive","6/0",0,0
"thread||veevus||10/0||10/0",11c6bf87-ac53-497e-af62-68471faa150f,"10/0",11c6bf87-ac53-497e-af62-68471faa150f,"10/0 Brown",Veevus,thread,"10/0","Brown","10/0",0,0
"thread||veevus||10/0||10/0",11c6bf87-ac53-497e-af62-68471faa150f,"10/0",15d432af-c3fe-4e50-9bcc-71d1d0b4fa42,"10/0 Black",Veevus,thread,"10/0","Black","10/0",0,0
"thread||veevus||10/0||10/0",11c6bf87-ac53-497e-af62-68471faa150f,"10/0",30ddf41d-bf58-4b8d-ba3a-1270010225e3,"10/0 Light Cahill",Veevus,thread,"10/0","Light Cahill","10/0",0,0
"thread||veevus||10/0||10/0",11c6bf87-ac53-497e-af62-68471faa150f,"10/0",4541b844-536d-4cba-afad-58f32664a493,"10/0 Hot Orange",Veevus,thread,"10/0","Hot Orange","10/0",0,0
"thread||veevus||10/0||10/0",11c6bf87-ac53-497e-af62-68471faa150f,"10/0",502ce748-0baf-4837-8ac3-b4674f37e34a,"10/0 Red",Veevus,thread,"10/0","Red","10/0",0,0
"thread||veevus||10/0||10/0",11c6bf87-ac53-497e-af62-68471faa150f,"10/0",85d0d939-4d2a-4f12-9165-0d64e5bbd88b,"10/0 Pale Olive",Veevus,thread,"10/0","Pale Olive","10/0",0,0
"thread||veevus||10/0||10/0",11c6bf87-ac53-497e-af62-68471faa150f,"10/0",8c3b4b4b-574c-453a-86c8-f64f622999e7,"10/0 Cream",Veevus,thread,"10/0","Cream","10/0",0,0
"thread||veevus||10/0||10/0",11c6bf87-ac53-497e-af62-68471faa150f,"10/0",a2360f7e-726d-4eba-afb8-59bdf9b120bb,"10/0 Tan",Veevus,thread,"10/0","Tan","10/0",0,0
"thread||veevus||10/0||10/0",11c6bf87-ac53-497e-af62-68471faa150f,"10/0",b536ab74-fafd-4b8f-acb1-20a4e00b1a71,"10/0 Olive",Veevus,thread,"10/0","Olive","10/0",0,0
"thread||veevus||10/0||10/0",11c6bf87-ac53-497e-af62-68471faa150f,"10/0",c0f1bc42-acf0-407a-9ca2-d96e5c3b9b1f,"10/0 Iron Gray",Veevus,thread,"10/0","Iron Gray","10/0",0,0
"thread||veevus||10/0||10/0",11c6bf87-ac53-497e-af62-68471faa150f,"10/0",ea449d16-0ee6-4f35-8a09-488f5dbe2598,"10/0 Yellow",Veevus,thread,"10/0","Yellow","10/0",0,0
"thread||veevus||10/0||10/0",11c6bf87-ac53-497e-af62-68471faa150f,"10/0",fad9c577-a5bc-488d-8eb8-9e39dab5740b,"10/0 White",Veevus,thread,"10/0","White","10/0",0,0
"thread||veevus||10/0||10/0",11c6bf87-ac53-497e-af62-68471faa150f,"10/0",fc5be243-7d28-419f-878b-edb2d8ef2f34,"10/0 Wine",Veevus,thread,"10/0","Wine","10/0",0,0
"thread||veevus||10/0||10/0",11c6bf87-ac53-497e-af62-68471faa150f,"10/0",fcc13841-77f8-43f7-80d2-c6781fad3ccc,"10/0 Gray",Veevus,thread,"10/0","Gray","10/0",0,0
"thread||veevus||16/0||16/0",15a06e83-efd4-4806-803e-f9855c5fb11c,"16/0",15a06e83-efd4-4806-803e-f9855c5fb11c,"16/0 Gray",Veevus,thread,"16/0","Gray","16/0",0,0
"thread||veevus||16/0||16/0",15a06e83-efd4-4806-803e-f9855c5fb11c,"16/0",52e509e6-ad3c-4b2d-b05f-f88a440e0969,"16/0 Yellow",Veevus,thread,"16/0","Yellow","16/0",0,0
"thread||veevus||16/0||16/0",15a06e83-efd4-4806-803e-f9855c5fb11c,"16/0",6ac80aec-63db-44cf-9e2b-36091b0e6bd0,"16/0 Black",Veevus,thread,"16/0","Black","16/0",0,0
"thread||veevus||16/0||16/0",15a06e83-efd4-4806-803e-f9855c5fb11c,"16/0",700afd5e-d925-4b64-aef1-48f01c68bcef,"16/0 Red",Veevus,thread,"16/0","Red","16/0",0,0
"thread||veevus||16/0||16/0",15a06e83-efd4-4806-803e-f9855c5fb11c,"16/0",85132495-6b5b-4796-9b99-4a6af137e8e1,"16/0 Brown",Veevus,thread,"16/0","Brown","16/0",0,0
"thread||veevus||16/0||16/0",15a06e83-efd4-4806-803e-f9855c5fb11c,"16/0",88e7e238-413a-458f-b3e2-c6366e8aa0a8,"16/0 Iron Gray",Veevus,thread,"16/0","Iron Gray","16/0",0,0
"thread||veevus||16/0||16/0",15a06e83-efd4-4806-803e-f9855c5fb11c,"16/0",8d85976d-98ed-4a9c-a1db-d967ca5caeb8,"16/0 Pale Olive",Veevus,thread,"16/0","Pale Olive","16/0",0,0
"thread||veevus||16/0||16/0",15a06e83-efd4-4806-803e-f9855c5fb11c,"16/0",93c75ee0-1e61-40e6-a00a-88dbb67af82d,"16/0 White",Veevus,thread,"16/0","White","16/0",0,0
"thread||veevus||16/0||16/0",15a06e83-efd4-4806-803e-f9855c5fb11c,"16/0",ab5e7003-9c9e-4dbc-b23c-bb04000fcc64,"16/0 Wine",Veevus,thread,"16/0","Wine","16/0",0,0
"thread||veevus||16/0||16/0",15a06e83-efd4-4806-803e-f9855c5fb11c,"16/0",b5652254-3015-4dd6-a555-a3e6bc821e29,"16/0 Light Cahill",Veevus,thread,"16/0","Light Cahill","16/0",0,0
"thread||veevus||16/0||16/0",15a06e83-efd4-4806-803e-f9855c5fb11c,"16/0",c3d20f88-22ea-43b6-90cb-16ee979128ae,"16/0 Hot Orange",Veevus,thread,"16/0","Hot Orange","16/0",0,0
"thread||veevus||16/0||16/0",15a06e83-efd4-4806-803e-f9855c5fb11c,"16/0",c59916fb-fb9d-4b63-9952-7ecb344d92c3,"16/0 Olive",Veevus,thread,"16/0","Olive","16/0",0,0
"thread||veevus||16/0||16/0",15a06e83-efd4-4806-803e-f9855c5fb11c,"16/0",d017f98b-fefc-4758-a3ce-1dcd24945c4d,"16/0 Tan",Veevus,thread,"16/0","Tan","16/0",0,0
"thread||veevus||16/0||16/0",15a06e83-efd4-4806-803e-f9855c5fb11c,"16/0",dc6459d3-6d30-424e-98b3-004dea304276,"16/0 Cream",Veevus,thread,"16/0","Cream","16/0",0,0
"flash||hedron||flashabou||",4278653b-b415-4ba8-b397-4d7225dbd5e4,"Flashabou",4278653b-b415-4ba8-b397-4d7225dbd5e4,"Flashabou Olive",Hedron,flash,"","olive","",0,0
"flash||hedron||flashabou||",4278653b-b415-4ba8-b397-4d7225dbd5e4,"Flashabou",4ace80f5-e8a5-4487-b1a4-b2b74718de0f,"Flashabou Black",Hedron,flash,"","black","",0,0
"flash||hedron||flashabou||",4278653b-b415-4ba8-b397-4d7225dbd5e4,"Flashabou",59a6e1b0-b67d-4915-9614-e58983a92d9d,"Flashabou Gold",Hedron,flash,"","gold","",0,0
"flash||hedron||flashabou||",4278653b-b415-4ba8-b397-4d7225dbd5e4,"Flashabou",5ecccf23-cba4-4462-98f6-574956a7ff1f,"Flashabou Chartreuse",Hedron,flash,"","chartreuse","",0,0
"flash||hedron||flashabou||",4278653b-b415-4ba8-b397-4d7225dbd5e4,"Flashabou",62afd0be-3d01-46f8-af46-6b7b2379eb15,"Flashabou Silver",Hedron,flash,"","silver","",0,0
"flash||hedron||flashabou||",4278653b-b415-4ba8-b397-4d7225dbd5e4,"Flashabou",75e4c4b7-e8b3-45e0-a695-6226602e1496,"Flashabou Pearl",Hedron,flash,"","pearl","",0,0
"flash||hedron||flashabou||",4278653b-b415-4ba8-b397-4d7225dbd5e4,"Flashabou",8ad207df-9c64-4c1b-a3f5-8cc387486805,"Flashabou Holographic Gold",Hedron,flash,"","holographic gold","",0,0
"flash||hedron||flashabou||",4278653b-b415-4ba8-b397-4d7225dbd5e4,"Flashabou",b6101d72-d2c9-4fa2-8e22-c3dcaf4396fe,"Flashabou Copper",Hedron,flash,"","copper","",0,0
"flash||hedron||flashabou||",4278653b-b415-4ba8-b397-4d7225dbd5e4,"Flashabou",b691ad17-030b-4ab7-b94a-3dab1dc03b75,"Flashabou UV Pearl",Hedron,flash,"","uv pearl","",0,0
"flash||hedron||flashabou||",4278653b-b415-4ba8-b397-4d7225dbd5e4,"Flashabou",b8e6bfad-31e2-4160-8002-7fd47285cb3a,"Flashabou Red",Hedron,flash,"","red","",0,0
"flash||hedron||flashabou||",4278653b-b415-4ba8-b397-4d7225dbd5e4,"Flashabou",c9502b4d-2c60-4d7a-87f5-ac25ca4b3c3e,"Flashabou Holographic Silver",Hedron,flash,"","holographic silver","",0,0
"flash||hedron||flashabou||",4278653b-b415-4ba8-b397-4d7225dbd5e4,"Flashabou",cd4b3ccd-2416-486a-96e1-87435457615b,"Flashabou Pink",Hedron,flash,"","pink","",0,0
"flash||hedron||flashabou||",4278653b-b415-4ba8-b397-4d7225dbd5e4,"Flashabou",d12ebb3b-c292-426b-a138-a3768a4c7ea6,"Flashabou Orange",Hedron,flash,"","orange","",0,0
"dubbing||wapsi||antron dubbing||",05786575-4cdd-45de-9644-bb63477e64a9,"Antron Dubbing",05786575-4cdd-45de-9644-bb63477e64a9,"Antron Dubbing White",Wapsi,dubbing,"","white","",0,0
"dubbing||wapsi||antron dubbing||",05786575-4cdd-45de-9644-bb63477e64a9,"Antron Dubbing",1f3a58c8-399d-4dca-b300-950f107b346a,"Antron Dubbing PMD",Wapsi,dubbing,"","pmd","",0,0
"dubbing||wapsi||antron dubbing||",05786575-4cdd-45de-9644-bb63477e64a9,"Antron Dubbing",30f64db0-0037-47db-a6e6-7813a8a23f2d,"Antron Dubbing Black",Wapsi,dubbing,"","black","",0,0
"dubbing||wapsi||antron dubbing||",05786575-4cdd-45de-9644-bb63477e64a9,"Antron Dubbing",740d0772-f246-4feb-bb56-ee396ab31e83,"Antron Dubbing Gray",Wapsi,dubbing,"","gray","",0,0
"dubbing||wapsi||antron dubbing||",05786575-4cdd-45de-9644-bb63477e64a9,"Antron Dubbing",9b99a362-7f37-4fc1-bee2-5f2c402983c2,"Antron Dubbing Brown",Wapsi,dubbing,"","brown","",0,0
"dubbing||wapsi||antron dubbing||",05786575-4cdd-45de-9644-bb63477e64a9,"Antron Dubbing",a8c36d7c-9413-4afe-8abb-55e3580a1f9b,"Antron Dubbing Sulphur",Wapsi,dubbing,"","sulphur","",0,0
"dubbing||wapsi||antron dubbing||",05786575-4cdd-45de-9644-bb63477e64a9,"Antron Dubbing",b0d9c61c-6025-443f-8f15-2216a6f67e0d,"Antron Dubbing Orange",Wapsi,dubbing,"","orange","",0,0
"dubbing||wapsi||antron dubbing||",05786575-4cdd-45de-9644-bb63477e64a9,"Antron Dubbing",b2fd086b-fab4-41e0-86e8-11ee1027b1de,"Antron Dubbing Olive",Wapsi,dubbing,"","olive","",0,0
"dubbing||wapsi||antron dubbing||",05786575-4cdd-45de-9644-bb63477e64a9,"Antron Dubbing",b4c2f42e-9e62-4a00-9828-d838016f1986,"Antron Dubbing March Brown",Wapsi,dubbing,"","march brown","",0,0
"dubbing||wapsi||antron dubbing||",05786575-4cdd-45de-9644-bb63477e64a9,"Antron Dubbing",bc2a7eea-dadc-4f55-bcba-5be34758372f,"Antron Dubbing Cream",Wapsi,dubbing,"","cream","",0,0
"dubbing||wapsi||antron dubbing||",05786575-4cdd-45de-9644-bb63477e64a9,"Antron Dubbing",cc653ad1-fe09-4007-87c0-c236952d33a2,"Antron Dubbing Tan",Wapsi,dubbing,"","tan","",0,0
"dubbing||wapsi||antron dubbing||",05786575-4cdd-45de-9644-bb63477e64a9,"Antron Dubbing",f361c788-21aa-4cc1-a5f5-53f2e9c85bff,"Antron Dubbing BWO",Wapsi,dubbing,"","bwo","",0,0
"dubbing||hareline||superfine dry fly dubbing||",0589b63f-900c-4fd5-a292-5ca5cc4202be,"Superfine Dry Fly Dubbing",0589b63f-900c-4fd5-a292-5ca5cc4202be,"Superfine Dry Fly Dubbing Tan",Hareline,dubbing,"","tan","",0,0
"dubbing||hareline||superfine dry fly dubbing||",0589b63f-900c-4fd5-a292-5ca5cc4202be,"Superfine Dry Fly Dubbing",1c0cc93a-4bfa-429b-ae88-168a57105fcb,"Superfine Dry Fly Dubbing Callibaetis",Hareline,dubbing,"","callibaetis","",0,0
"dubbing||hareline||superfine dry fly dubbing||",0589b63f-900c-4fd5-a292-5ca5cc4202be,"Superfine Dry Fly Dubbing",2def7c35-fe54-47e1-84f8-7e64f34860dd,"Superfine Dry Fly Dubbing Pale Morning Dun",Hareline,dubbing,"","pale morning dun","",0,0
"dubbing||hareline||superfine dry fly dubbing||",0589b63f-900c-4fd5-a292-5ca5cc4202be,"Superfine Dry Fly Dubbing",2f2e3f2a-08e5-4f9c-9c33-f0304d552733,"Superfine Dry Fly Dubbing Cinnamon",Hareline,dubbing,"","cinnamon","",0,0
"dubbing||hareline||superfine dry fly dubbing||",0589b63f-900c-4fd5-a292-5ca5cc4202be,"Superfine Dry Fly Dubbing",3874ad25-ce69-4a34-8b7a-2ac21b8d7911,"Superfine Dry Fly Dubbing Cream",Hareline,dubbing,"","cream","",0,0
"dubbing||hareline||superfine dry fly dubbing||",0589b63f-900c-4fd5-a292-5ca5cc4202be,"Superfine Dry Fly Dubbing",45126005-b487-4bc9-b6f1-0087e8e2589b,"Superfine Dry Fly Dubbing BWO Olive",Hareline,dubbing,"","bwo olive","",0,0
"dubbing||hareline||superfine dry fly dubbing||",0589b63f-900c-4fd5-a292-5ca5cc4202be,"Superfine Dry Fly Dubbing",45a69684-e3e5-4de7-9bde-8736bf36ff1a,"Superfine Dry Fly Dubbing Adams Gray",Hareline,dubbing,"","adams gray","",0,0
"dubbing||hareline||superfine dry fly dubbing||",0589b63f-900c-4fd5-a292-5ca5cc4202be,"Superfine Dry Fly Dubbing",726d202b-f5b6-461d-a145-fc8dd6bfd99d,"Superfine Dry Fly Dubbing PMD",Hareline,dubbing,"","pmd","",0,0
"dubbing||hareline||superfine dry fly dubbing||",0589b63f-900c-4fd5-a292-5ca5cc4202be,"Superfine Dry Fly Dubbing",909c36d9-74c0-48ab-8947-9124be7ccb2b,"Superfine Dry Fly Dubbing Sulphur",Hareline,dubbing,"","sulphur","",0,0
"dubbing||hareline||superfine dry fly dubbing||",0589b63f-900c-4fd5-a292-5ca5cc4202be,"Superfine Dry Fly Dubbing",a924fe95-e6ab-4730-be1d-960169bb7832,"Superfine Dry Fly Dubbing Dark Olive",Hareline,dubbing,"","dark olive","",0,0
"dubbing||hareline||superfine dry fly dubbing||",0589b63f-900c-4fd5-a292-5ca5cc4202be,"Superfine Dry Fly Dubbing",be1cd00d-6616-421e-a9ae-2b2c505298c9,"Superfine Dry Fly Dubbing Black",Hareline,dubbing,"","black","",0,0
"dubbing||hareline||superfine dry fly dubbing||",0589b63f-900c-4fd5-a292-5ca5cc4202be,"Superfine Dry Fly Dubbing",c9c42bee-07bc-4092-a09a-d624c8f725cb,"Superfine Dry Fly Dubbing March Brown",Hareline,dubbing,"","march brown","",0,0
"thread||semperfli||nano silk 30d||30 denier",0af4358e-61ad-4d2c-a565-61c274f5aa98,"Nano Silk 30D",0af4358e-61ad-4d2c-a565-61c274f5aa98,"Nano Silk 30D Black",Semperfli,thread,"30 denier","black","30D",0,0
"thread||semperfli||nano silk 30d||30 denier",0af4358e-61ad-4d2c-a565-61c274f5aa98,"Nano Silk 30D",1caa7f21-c9bd-4d0f-8121-7b30d874d735,"Nano Silk 30D Gray",Semperfli,thread,"30 denier","gray","30D",0,0
"thread||semperfli||nano silk 30d||30 denier",0af4358e-61ad-4d2c-a565-61c274f5aa98,"Nano Silk 30D",62653e45-ee38-4429-9d9e-d0f82604ec73,"Nano Silk 30D Tan",Semperfli,thread,"30 denier","tan","30D",0,0
"thread||semperfli||nano silk 30d||30 denier",0af4358e-61ad-4d2c-a565-61c274f5aa98,"Nano Silk 30D",64a16bb0-fb40-45b6-9245-5a942d00ebca,"Nano Silk 30D Orange",Semperfli,thread,"30 denier","orange","30D",0,0
"thread||semperfli||nano silk 30d||30 denier",0af4358e-61ad-4d2c-a565-61c274f5aa98,"Nano Silk 30D",6b63ebe4-00df-483b-bbce-a012cb34427f,"Nano Silk 30D White",Semperfli,thread,"30 denier","white","30D",0,0
"thread||semperfli||nano silk 30d||30 denier",0af4358e-61ad-4d2c-a565-61c274f5aa98,"Nano Silk 30D",6de0fdd6-31b8-44c8-8dcc-c8606c1f6e61,"Nano Silk 30D Yellow",Semperfli,thread,"30 denier","yellow","30D",0,0
"thread||semperfli||nano silk 30d||30 denier",0af4358e-61ad-4d2c-a565-61c274f5aa98,"Nano Silk 30D",7d9b7588-b31f-469b-94ac-dc0c4062a274,"Nano Silk 30D Olive",Semperfli,thread,"30 denier","olive","30D",0,0
"thread||semperfli||nano silk 30d||30 denier",0af4358e-61ad-4d2c-a565-61c274f5aa98,"Nano Silk 30D",90d1c3a6-6f25-4fb1-9b2d-85539997a643,"Nano Silk 30D Brown",Semperfli,thread,"30 denier","brown","30D",0,0
"thread||semperfli||nano silk 30d||30 denier",0af4358e-61ad-4d2c-a565-61c274f5aa98,"Nano Silk 30D",a5a5415e-d871-4aef-8dad-7248c5c68dae,"Nano Silk 30D Purple",Semperfli,thread,"30 denier","purple","30D",0,0
"thread||semperfli||nano silk 30d||30 denier",0af4358e-61ad-4d2c-a565-61c274f5aa98,"Nano Silk 30D",b0d6480e-1e00-445d-bda9-90ab50b37309,"Nano Silk 30D Red",Semperfli,thread,"30 denier","red","30D",0,0
"thread||semperfli||nano silk 30d||30 denier",0af4358e-61ad-4d2c-a565-61c274f5aa98,"Nano Silk 30D",ec0839e6-e8db-4edf-82b7-a5454b81e00b,"Nano Silk 30D Pink",Semperfli,thread,"30 denier","pink","30D",0,0
"thread||semperfli||nano silk 30d||30 denier",0af4358e-61ad-4d2c-a565-61c274f5aa98,"Nano Silk 30D",f0d95297-775d-4de5-b53a-6fe18a332782,"Nano Silk 30D Cream",Semperfli,thread,"30 denier","cream","30D",0,0
"rubber||hareline||round rubber legs||",3bf87acc-885e-4961-9852-964d42f4b152,"Round Rubber Legs",3bf87acc-885e-4961-9852-964d42f4b152,"Round Rubber Legs",Hareline,rubber,"","","fine|medium|large",0,0
"rubber||hareline||round rubber legs||",3bf87acc-885e-4961-9852-964d42f4b152,"Round Rubber Legs",50e7fb2f-8c7d-41c6-ab27-a2cdfc97347b,"Round Rubber Legs White",Hareline,rubber,"","white","small|medium|large",0,0
"rubber||hareline||round rubber legs||",3bf87acc-885e-4961-9852-964d42f4b152,"Round Rubber Legs",5a941cf3-1b7d-4a60-9e92-ad75de88dd8d,"Round Rubber Legs Brown",Hareline,rubber,"","brown","small|medium|large",0,0
"rubber||hareline||round rubber legs||",3bf87acc-885e-4961-9852-964d42f4b152,"Round Rubber Legs",70cfa5f1-4e3d-484a-b5f5-e37b572c0a8d,"Round Rubber Legs Barred Tan",Hareline,rubber,"","barred tan","small|medium|large",0,0
"rubber||hareline||round rubber legs||",3bf87acc-885e-4961-9852-964d42f4b152,"Round Rubber Legs",8d41b155-7a8a-4b58-9469-e7d6223aee34,"Round Rubber Legs Barred Black",Hareline,rubber,"","barred black","small|medium|large",0,0
"rubber||hareline||round rubber legs||",3bf87acc-885e-4961-9852-964d42f4b152,"Round Rubber Legs",8e53033f-d6fb-4dbb-b83e-3772f7819979,"Round Rubber Legs Tan",Hareline,rubber,"","tan","small|medium|large",0,0
"rubber||hareline||round rubber legs||",3bf87acc-885e-4961-9852-964d42f4b152,"Round Rubber Legs",930f24b2-eabb-4080-ba24-41f6e3f63c39,"Round Rubber Legs Barred Olive",Hareline,rubber,"","barred olive","small|medium|large",0,0
"rubber||hareline||round rubber legs||",3bf87acc-885e-4961-9852-964d42f4b152,"Round Rubber Legs",9e2fe81e-c69f-4564-8536-030449f63f04,"Round Rubber Legs Speckled Orange",Hareline,rubber,"","speckled orange","small|medium|large",0,0
"rubber||hareline||round rubber legs||",3bf87acc-885e-4961-9852-964d42f4b152,"Round Rubber Legs",a63281e4-24da-4b4d-89a6-8924b669f7d4,"Round Rubber Legs Centipede Tan",Hareline,rubber,"","centipede tan","small|medium|large",0,0
"rubber||hareline||round rubber legs||",3bf87acc-885e-4961-9852-964d42f4b152,"Round Rubber Legs",b9520c92-6252-4846-ab2a-9a8a9bbd2b3d,"Round Rubber Legs Pumpkin",Hareline,rubber,"","pumpkin","small|medium|large",0,0
"rubber||hareline||round rubber legs||",3bf87acc-885e-4961-9852-964d42f4b152,"Round Rubber Legs",c292936a-c96d-41f7-b733-bf267a9350d2,"Round Rubber Legs Olive",Hareline,rubber,"","olive","small|medium|large",0,0
"rubber||hareline||round rubber legs||",3bf87acc-885e-4961-9852-964d42f4b152,"Round Rubber Legs",e9993e9f-48ac-4a14-a538-caf2b2c770a4,"Round Rubber Legs Black",Hareline,rubber,"","black","small|medium|large",0,0
"feather||hareline||marabou plumes||",0523a1b3-694b-4208-a3e2-df97d9d4985f,"Marabou Plumes",0523a1b3-694b-4208-a3e2-df97d9d4985f,"Marabou Plumes Orange",Hareline,feather,"","orange","",0,0
"feather||hareline||marabou plumes||",0523a1b3-694b-4208-a3e2-df97d9d4985f,"Marabou Plumes",444c3f62-79e0-4f96-8d79-7c6b9628917c,"Marabou Plumes Blood Red",Hareline,feather,"","blood red","",0,0
"feather||hareline||marabou plumes||",0523a1b3-694b-4208-a3e2-df97d9d4985f,"Marabou Plumes",62e4d967-5e54-4a40-9e90-015b89d37b38,"Marabou Plumes Chartreuse",Hareline,feather,"","chartreuse","",0,0
"feather||hareline||marabou plumes||",0523a1b3-694b-4208-a3e2-df97d9d4985f,"Marabou Plumes",7f33e564-9f5e-4cac-9475-0c9bc44cbd82,"Marabou Plumes Gray",Hareline,feather,"","gray","",0,0
"feather||hareline||marabou plumes||",0523a1b3-694b-4208-a3e2-df97d9d4985f,"Marabou Plumes",8b161961-6a36-4a63-878b-dabf0674aa91,"Marabou Plumes Yellow",Hareline,feather,"","yellow","",0,0
"feather||hareline||marabou plumes||",0523a1b3-694b-4208-a3e2-df97d9d4985f,"Marabou Plumes",a989d7fa-1220-48cf-88b2-65502d7b211b,"Marabou Plumes Sculpin Olive",Hareline,feather,"","sculpin olive","",0,0
"feather||hareline||marabou plumes||",0523a1b3-694b-4208-a3e2-df97d9d4985f,"Marabou Plumes",c88695de-8008-4bec-8877-551ba5b65b30,"Marabou Plumes Black",Hareline,feather,"","black","",0,0
"feather||hareline||marabou plumes||",0523a1b3-694b-4208-a3e2-df97d9d4985f,"Marabou Plumes",ca7dcbd8-b8b8-4435-bfd6-916a5fb64724,"Marabou Plumes Brown",Hareline,feather,"","brown","",0,0
"feather||hareline||marabou plumes||",0523a1b3-694b-4208-a3e2-df97d9d4985f,"Marabou Plumes",e5b11e05-42b3-4e0d-8768-3c9746223ce5,"Marabou Plumes Tan",Hareline,feather,"","tan","",0,0
"feather||hareline||marabou plumes||",0523a1b3-694b-4208-a3e2-df97d9d4985f,"Marabou Plumes",e6480962-a544-43f7-ba4a-bd1db57cded5,"Marabou Plumes Olive",Hareline,feather,"","olive","",0,0
"feather||hareline||marabou plumes||",0523a1b3-694b-4208-a3e2-df97d9d4985f,"Marabou Plumes",e80fdbfa-6a71-4bee-bc9c-2b501de6c572,"Marabou Plumes White",Hareline,feather,"","white","",0,0
"bead||hareline||slotted tungsten 4.6mm||4.6mm",01e6d3b2-127c-4ea6-be60-f255890ef92d,"Slotted Tungsten 4.6mm",01e6d3b2-127c-4ea6-be60-f255890ef92d,"Slotted Tungsten 4.6mm Copper",Hareline,bead,"4.6mm","Copper","4.6mm",0,0
"bead||hareline||slotted tungsten 4.6mm||4.6mm",01e6d3b2-127c-4ea6-be60-f255890ef92d,"Slotted Tungsten 4.6mm",08ea167e-65b7-4c28-8ef2-e94190067fa8,"Slotted Tungsten 4.6mm Hot Orange",Hareline,bead,"4.6mm","Hot Orange","4.6mm",0,0
"bead||hareline||slotted tungsten 4.6mm||4.6mm",01e6d3b2-127c-4ea6-be60-f255890ef92d,"Slotted Tungsten 4.6mm",38a3680d-3e5f-4587-a402-c5fe9175b8b6,"Slotted Tungsten 4.6mm Hot Pink",Hareline,bead,"4.6mm","Hot Pink","4.6mm",0,0
"bead||hareline||slotted tungsten 4.6mm||4.6mm",01e6d3b2-127c-4ea6-be60-f255890ef92d,"Slotted Tungsten 4.6mm",946443bf-cfde-40a5-a116-ead434b0856e,"Slotted Tungsten 4.6mm Fluorescent Chartreuse",Hareline,bead,"4.6mm","Fluorescent Chartreuse","4.6mm",0,0
"bead||hareline||slotted tungsten 4.6mm||4.6mm",01e6d3b2-127c-4ea6-be60-f255890ef92d,"Slotted Tungsten 4.6mm",9f87e4ca-e66e-4fe5-96fb-6ef1293fafcf,"Slotted Tungsten 4.6mm Matte Black",Hareline,bead,"4.6mm","Matte Black","4.6mm",0,0
"bead||hareline||slotted tungsten 4.6mm||4.6mm",01e6d3b2-127c-4ea6-be60-f255890ef92d,"Slotted Tungsten 4.6mm",b5bfcef3-ead8-4db6-84b2-660871282e61,"Slotted Tungsten 4.6mm Black Nickel",Hareline,bead,"4.6mm","Black Nickel","4.6mm",0,0
"bead||hareline||slotted tungsten 4.6mm||4.6mm",01e6d3b2-127c-4ea6-be60-f255890ef92d,"Slotted Tungsten 4.6mm",bbb756a2-d713-4afa-b981-01a03c6d039f,"Slotted Tungsten 4.6mm Gold",Hareline,bead,"4.6mm","Gold","4.6mm",0,0
"bead||hareline||slotted tungsten 4.6mm||4.6mm",01e6d3b2-127c-4ea6-be60-f255890ef92d,"Slotted Tungsten 4.6mm",bc83b5d1-2220-41cf-8b83-aa40775315f8,"Slotted Tungsten 4.6mm Olive Metallic",Hareline,bead,"4.6mm","Olive Metallic","4.6mm",0,0
"bead||hareline||slotted tungsten 4.6mm||4.6mm",01e6d3b2-127c-4ea6-be60-f255890ef92d,"Slotted Tungsten 4.6mm",be0e5e6d-b81b-4206-b344-1fb181ee4264,"Slotted Tungsten 4.6mm Fluorescent Red",Hareline,bead,"4.6mm","Fluorescent Red","4.6mm",0,0
"bead||hareline||slotted tungsten 4.6mm||4.6mm",01e6d3b2-127c-4ea6-be60-f255890ef92d,"Slotted Tungsten 4.6mm",ff6fa1ba-2ff4-4e4c-afdf-dda9680d5789,"Slotted Tungsten 4.6mm Silver",Hareline,bead,"4.6mm","Silver","4.6mm",0,0
"bead||hareline||slotted tungsten 2.3mm||2.3mm",01f9e7f2-e239-4564-b15c-637766b2150d,"Slotted Tungsten 2.3mm",01f9e7f2-e239-4564-b15c-637766b2150d,"Slotted Tungsten 2.3mm Olive Metallic",Hareline,bead,"2.3mm","Olive Metallic","2.3mm",0,0
"bead||hareline||slotted tungsten 2.3mm||2.3mm",01f9e7f2-e239-4564-b15c-637766b2150d,"Slotted Tungsten 2.3mm",13eb6a6b-d6e3-4edb-8a99-92f1d056f4f0,"Slotted Tungsten 2.3mm Copper",Hareline,bead,"2.3mm","Copper","2.3mm",0,0
"bead||hareline||slotted tungsten 2.3mm||2.3mm",01f9e7f2-e239-4564-b15c-637766b2150d,"Slotted Tungsten 2.3mm",17d521dc-7f04-4480-b828-87ca242138ce,"Slotted Tungsten 2.3mm Silver",Hareline,bead,"2.3mm","Silver","2.3mm",0,0
"bead||hareline||slotted tungsten 2.3mm||2.3mm",01f9e7f2-e239-4564-b15c-637766b2150d,"Slotted Tungsten 2.3mm",2ada9cfc-4338-475e-896e-ad729daaa153,"Slotted Tungsten 2.3mm Matte Black",Hareline,bead,"2.3mm","Matte Black","2.3mm",0,0
"bead||hareline||slotted tungsten 2.3mm||2.3mm",01f9e7f2-e239-4564-b15c-637766b2150d,"Slotted Tungsten 2.3mm",740cf6cf-94ba-4802-95c6-a8d494bef76e,"Slotted Tungsten 2.3mm Black Nickel",Hareline,bead,"2.3mm","Black Nickel","2.3mm",0,0
"bead||hareline||slotted tungsten 2.3mm||2.3mm",01f9e7f2-e239-4564-b15c-637766b2150d,"Slotted Tungsten 2.3mm",a026b335-1ffe-4b98-b036-b587fba732f2,"Slotted Tungsten 2.3mm Hot Pink",Hareline,bead,"2.3mm","Hot Pink","2.3mm",0,0
"bead||hareline||slotted tungsten 2.3mm||2.3mm",01f9e7f2-e239-4564-b15c-637766b2150d,"Slotted Tungsten 2.3mm",b406aa8a-aaf7-469d-8fe2-80765edfdfcf,"Slotted Tungsten 2.3mm Hot Orange",Hareline,bead,"2.3mm","Hot Orange","2.3mm",0,0
"bead||hareline||slotted tungsten 2.3mm||2.3mm",01f9e7f2-e239-4564-b15c-637766b2150d,"Slotted Tungsten 2.3mm",dfd1d5e8-20cc-49c9-80c4-78ff0ec65038,"Slotted Tungsten 2.3mm Fluorescent Red",Hareline,bead,"2.3mm","Fluorescent Red","2.3mm",0,0
"bead||hareline||slotted tungsten 2.3mm||2.3mm",01f9e7f2-e239-4564-b15c-637766b2150d,"Slotted Tungsten 2.3mm",dfde3b5e-6851-4846-a92a-c48eebc7ebf0,"Slotted Tungsten 2.3mm Gold",Hareline,bead,"2.3mm","Gold","2.3mm",0,0
"bead||hareline||slotted tungsten 2.3mm||2.3mm",01f9e7f2-e239-4564-b15c-637766b2150d,"Slotted Tungsten 2.3mm",ecc6e08e-dcfc-404a-b6eb-f39fcc426ced,"Slotted Tungsten 2.3mm Fluorescent Chartreuse",Hareline,bead,"2.3mm","Fluorescent Chartreuse","2.3mm",0,0
"wire||utc||ultra wire medium||",07d76fa7-4df9-4a7f-b06b-87fa1921963b,"Ultra Wire Medium",07d76fa7-4df9-4a7f-b06b-87fa1921963b,"Ultra Wire Medium Green",UTC,wire,"","green","medium",0,0
"wire||utc||ultra wire medium||",07d76fa7-4df9-4a7f-b06b-87fa1921963b,"Ultra Wire Medium",0f0dcbbb-7c0d-49ef-8a5d-f5f66975bfd1,"Ultra Wire Medium Red",UTC,wire,"","red","medium",0,0
"wire||utc||ultra wire medium||",07d76fa7-4df9-4a7f-b06b-87fa1921963b,"Ultra Wire Medium",18e62d40-4b92-412b-bee0-a1d3fa971940,"Ultra Wire Medium Wine",UTC,wire,"","wine","medium",0,0
"wire||utc||ultra wire medium||",07d76fa7-4df9-4a7f-b06b-87fa1921963b,"Ultra Wire Medium",1f3bfb8f-115c-4cfb-ab57-63d46f108bb6,"Ultra Wire Medium Black",UTC,wire,"","black","medium",0,0
"wire||utc||ultra wire medium||",07d76fa7-4df9-4a7f-b06b-87fa1921963b,"Ultra Wire Medium",25eac4c1-ea25-4c22-a165-75e33987eb68,"Ultra Wire Medium Chartreuse",UTC,wire,"","chartreuse","medium",0,0
"wire||utc||ultra wire medium||",07d76fa7-4df9-4a7f-b06b-87fa1921963b,"Ultra Wire Medium",53ccc7b1-a989-476b-8846-b2a4447fd0c8,"Ultra Wire Medium Hot Orange",UTC,wire,"","hot orange","medium",0,0
"wire||utc||ultra wire medium||",07d76fa7-4df9-4a7f-b06b-87fa1921963b,"Ultra Wire Medium",97f432f2-16a0-4ed7-8b9e-62f0f7502023,"Ultra Wire Medium Brown",UTC,wire,"","brown","medium",0,0
"wire||utc||ultra wire medium||",07d76fa7-4df9-4a7f-b06b-87fa1921963b,"Ultra Wire Medium",b2589eb0-0359-4a8c-8c24-b43e70100bca,"Ultra Wire Medium Gold",UTC,wire,"","gold","medium",0,0
"wire||utc||ultra wire medium||",07d76fa7-4df9-4a7f-b06b-87fa1921963b,"Ultra Wire Medium",c769ee70-9602-4272-824a-d6bbd0e766b4,"Ultra Wire Medium Silver",UTC,wire,"","silver","medium",0,0
"wire||utc||ultra wire medium||",07d76fa7-4df9-4a7f-b06b-87fa1921963b,"Ultra Wire Medium",f1db93d3-d8c5-47c8-a394-8e40bae11184,"Ultra Wire Medium Copper",UTC,wire,"","copper","medium",0,0
"flash||hedron||krystal flash||",08149ed9-b1c4-454c-985a-65428a1f73ac,"Krystal Flash",08149ed9-b1c4-454c-985a-65428a1f73ac,"Krystal Flash Chartreuse",Hedron,flash,"","chartreuse","",0,0
"flash||hedron||krystal flash||",08149ed9-b1c4-454c-985a-65428a1f73ac,"Krystal Flash",13d108ae-6c1d-424b-8538-946e7fd05f3b,"Krystal Flash Olive",Hedron,flash,"","olive","",0,0
"flash||hedron||krystal flash||",08149ed9-b1c4-454c-985a-65428a1f73ac,"Krystal Flash",14c06889-caa5-4312-b2a0-fa9da1ad7818,"Krystal Flash Silver",Hedron,flash,"","silver","",0,0
"flash||hedron||krystal flash||",08149ed9-b1c4-454c-985a-65428a1f73ac,"Krystal Flash",27896caa-796f-47aa-b73d-37126745330a,"Krystal Flash Black",Hedron,flash,"","black","",0,0
"flash||hedron||krystal flash||",08149ed9-b1c4-454c-985a-65428a1f73ac,"Krystal Flash",6c1a5047-4813-41fa-a047-bba24e58d26a,"Krystal Flash Root Beer",Hedron,flash,"","root beer","",0,0
"flash||hedron||krystal flash||",08149ed9-b1c4-454c-985a-65428a1f73ac,"Krystal Flash",92d533df-54ad-4cec-887c-e6c36a4b34fd,"Krystal Flash Pearl",Hedron,flash,"","pearl","",0,0
"flash||hedron||krystal flash||",08149ed9-b1c4-454c-985a-65428a1f73ac,"Krystal Flash",a7f41755-3b78-438b-b4d8-0d7301611420,"Krystal Flash Copper",Hedron,flash,"","copper","",0,0
"flash||hedron||krystal flash||",08149ed9-b1c4-454c-985a-65428a1f73ac,"Krystal Flash",b1927c5b-2b85-42d1-9e56-6f5104feb9bb,"Krystal Flash UV Pearl",Hedron,flash,"","uv pearl","",0,0
"flash||hedron||krystal flash||",08149ed9-b1c4-454c-985a-65428a1f73ac,"Krystal Flash",d220b6a5-c950-45bc-bbe4-522b0ba4932a,"Krystal Flash Peacock",Hedron,flash,"","peacock","",0,0
"flash||hedron||krystal flash||",08149ed9-b1c4-454c-985a-65428a1f73ac,"Krystal Flash",ea3eb24c-ef6b-4921-bf7e-7b60a6218052,"Krystal Flash Gold",Hedron,flash,"","gold","",0,0
"bead||hareline||slotted tungsten 3.5mm||3.5mm",08cd1a1a-4f10-4eff-a796-4e8feae63fb9,"Slotted Tungsten 3.5mm",08cd1a1a-4f10-4eff-a796-4e8feae63fb9,"Slotted Tungsten 3.5mm Black Nickel",Hareline,bead,"3.5mm","Black Nickel","3.5mm",0,0
"bead||hareline||slotted tungsten 3.5mm||3.5mm",08cd1a1a-4f10-4eff-a796-4e8feae63fb9,"Slotted Tungsten 3.5mm",1e1b5ec6-a220-4991-8cbf-e82b891d2e09,"Slotted Tungsten 3.5mm Fluorescent Chartreuse",Hareline,bead,"3.5mm","Fluorescent Chartreuse","3.5mm",0,0
"bead||hareline||slotted tungsten 3.5mm||3.5mm",08cd1a1a-4f10-4eff-a796-4e8feae63fb9,"Slotted Tungsten 3.5mm",1e44ea8b-3471-46c6-8543-a2ca950409ae,"Slotted Tungsten 3.5mm Matte Black",Hareline,bead,"3.5mm","Matte Black","3.5mm",0,0
"bead||hareline||slotted tungsten 3.5mm||3.5mm",08cd1a1a-4f10-4eff-a796-4e8feae63fb9,"Slotted Tungsten 3.5mm",391c67a2-c1f0-4987-8d0b-f01fd2a2cfc7,"Slotted Tungsten 3.5mm Fluorescent Red",Hareline,bead,"3.5mm","Fluorescent Red","3.5mm",0,0
"bead||hareline||slotted tungsten 3.5mm||3.5mm",08cd1a1a-4f10-4eff-a796-4e8feae63fb9,"Slotted Tungsten 3.5mm",8497f508-87c2-423f-aeb2-4a56081d58e0,"Slotted Tungsten 3.5mm Gold",Hareline,bead,"3.5mm","Gold","3.5mm",0,0
"bead||hareline||slotted tungsten 3.5mm||3.5mm",08cd1a1a-4f10-4eff-a796-4e8feae63fb9,"Slotted Tungsten 3.5mm",9020b658-bf46-47ed-98d9-03ae3b3212bf,"Slotted Tungsten 3.5mm Hot Pink",Hareline,bead,"3.5mm","Hot Pink","3.5mm",0,0
"bead||hareline||slotted tungsten 3.5mm||3.5mm",08cd1a1a-4f10-4eff-a796-4e8feae63fb9,"Slotted Tungsten 3.5mm",98e7d27c-f595-4bf3-9f8b-8212a13d1c28,"Slotted Tungsten 3.5mm Silver",Hareline,bead,"3.5mm","Silver","3.5mm",0,0
"bead||hareline||slotted tungsten 3.5mm||3.5mm",08cd1a1a-4f10-4eff-a796-4e8feae63fb9,"Slotted Tungsten 3.5mm",e5c062f1-3abe-41bd-b92b-73569e683b62,"Slotted Tungsten 3.5mm Olive Metallic",Hareline,bead,"3.5mm","Olive Metallic","3.5mm",0,0
"bead||hareline||slotted tungsten 3.5mm||3.5mm",08cd1a1a-4f10-4eff-a796-4e8feae63fb9,"Slotted Tungsten 3.5mm",e5f7e545-c784-4476-96ea-4ba039e0531d,"Slotted Tungsten 3.5mm Hot Orange",Hareline,bead,"3.5mm","Hot Orange","3.5mm",0,0
"bead||hareline||slotted tungsten 3.5mm||3.5mm",08cd1a1a-4f10-4eff-a796-4e8feae63fb9,"Slotted Tungsten 3.5mm",f7632925-c2bd-448b-ae40-088e63459ba0,"Slotted Tungsten 3.5mm Copper",Hareline,bead,"3.5mm","Copper","3.5mm",0,0
"bead||hareline||slotted tungsten 3.8mm||3.8mm",09f94ccd-c914-4d7e-b87a-aefb25be00e7,"Slotted Tungsten 3.8mm",09f94ccd-c914-4d7e-b87a-aefb25be00e7,"Slotted Tungsten 3.8mm Olive Metallic",Hareline,bead,"3.8mm","Olive Metallic","3.8mm",0,0
"bead||hareline||slotted tungsten 3.8mm||3.8mm",09f94ccd-c914-4d7e-b87a-aefb25be00e7,"Slotted Tungsten 3.8mm",2ca7c8e7-a871-446b-902c-84d8bf3cdf5f,"Slotted Tungsten 3.8mm Hot Pink",Hareline,bead,"3.8mm","Hot Pink","3.8mm",0,0
"bead||hareline||slotted tungsten 3.8mm||3.8mm",09f94ccd-c914-4d7e-b87a-aefb25be00e7,"Slotted Tungsten 3.8mm",334c3712-eac1-40c3-b738-335d5af7e3cb,"Slotted Tungsten 3.8mm Fluorescent Chartreuse",Hareline,bead,"3.8mm","Fluorescent Chartreuse","3.8mm",0,0
"bead||hareline||slotted tungsten 3.8mm||3.8mm",09f94ccd-c914-4d7e-b87a-aefb25be00e7,"Slotted Tungsten 3.8mm",437abf8d-25de-4636-a9a2-2a8e58a24e8d,"Slotted Tungsten 3.8mm Hot Orange",Hareline,bead,"3.8mm","Hot Orange","3.8mm",0,0
"bead||hareline||slotted tungsten 3.8mm||3.8mm",09f94ccd-c914-4d7e-b87a-aefb25be00e7,"Slotted Tungsten 3.8mm",71f4cccc-2d38-44f1-998a-cc11eab345e8,"Slotted Tungsten 3.8mm Fluorescent Red",Hareline,bead,"3.8mm","Fluorescent Red","3.8mm",0,0
"bead||hareline||slotted tungsten 3.8mm||3.8mm",09f94ccd-c914-4d7e-b87a-aefb25be00e7,"Slotted Tungsten 3.8mm",7aca664f-575d-4341-8ae3-1ba8ac38decb,"Slotted Tungsten 3.8mm Black Nickel",Hareline,bead,"3.8mm","Black Nickel","3.8mm",0,0
"bead||hareline||slotted tungsten 3.8mm||3.8mm",09f94ccd-c914-4d7e-b87a-aefb25be00e7,"Slotted Tungsten 3.8mm",8e93ca0a-8de8-44d0-a333-2157a45a49b9,"Slotted Tungsten 3.8mm Copper",Hareline,bead,"3.8mm","Copper","3.8mm",0,0
"bead||hareline||slotted tungsten 3.8mm||3.8mm",09f94ccd-c914-4d7e-b87a-aefb25be00e7,"Slotted Tungsten 3.8mm",c7348c3c-cdaf-46c8-adae-aa14869ac629,"Slotted Tungsten 3.8mm Gold",Hareline,bead,"3.8mm","Gold","3.8mm",0,0
"bead||hareline||slotted tungsten 3.8mm||3.8mm",09f94ccd-c914-4d7e-b87a-aefb25be00e7,"Slotted Tungsten 3.8mm",e00ff785-f00c-475b-ad0e-7ac4f59a342c,"Slotted Tungsten 3.8mm Matte Black",Hareline,bead,"3.8mm","Matte Black","3.8mm",0,0
"bead||hareline||slotted tungsten 3.8mm||3.8mm",09f94ccd-c914-4d7e-b87a-aefb25be00e7,"Slotted Tungsten 3.8mm",ed7abf13-762e-4190-a4b5-2e3b06aff5dc,"Slotted Tungsten 3.8mm Silver",Hareline,bead,"3.8mm","Silver","3.8mm",0,0
"wire||utc||ultra wire small||",0a0d42b9-dba7-4e73-86d6-6022c6c9873a,"Ultra Wire Small",0a0d42b9-dba7-4e73-86d6-6022c6c9873a,"Ultra Wire Small Silver",UTC,wire,"","silver","small",0,0
"wire||utc||ultra wire small||",0a0d42b9-dba7-4e73-86d6-6022c6c9873a,"Ultra Wire Small",18eb4769-0e83-465e-b411-5baba239d085,"Ultra Wire Small Black",UTC,wire,"","black","small",0,0
"wire||utc||ultra wire small||",0a0d42b9-dba7-4e73-86d6-6022c6c9873a,"Ultra Wire Small",37ab50e8-ca44-4594-b34e-9e478c71d14f,"Ultra Wire Small Chartreuse",UTC,wire,"","chartreuse","small",0,0
"wire||utc||ultra wire small||",0a0d42b9-dba7-4e73-86d6-6022c6c9873a,"Ultra Wire Small",492b4437-4d11-4ab2-bbc6-ce6e31bdd165,"Ultra Wire Small Wine",UTC,wire,"","wine","small",0,0
"wire||utc||ultra wire small||",0a0d42b9-dba7-4e73-86d6-6022c6c9873a,"Ultra Wire Small",5e64568c-863d-402a-8179-5b528f949fb3,"Ultra Wire Small Green",UTC,wire,"","green","small",0,0
"wire||utc||ultra wire small||",0a0d42b9-dba7-4e73-86d6-6022c6c9873a,"Ultra Wire Small",72146839-2b04-4d30-93a6-e12bacaa9dc7,"Ultra Wire Small Gold",UTC,wire,"","gold","small",0,0
"wire||utc||ultra wire small||",0a0d42b9-dba7-4e73-86d6-6022c6c9873a,"Ultra Wire Small",9349e993-c453-4c1d-ac50-e30dcd9e1407,"Ultra Wire Small Brown",UTC,wire,"","brown","small",0,0
"wire||utc||ultra wire small||",0a0d42b9-dba7-4e73-86d6-6022c6c9873a,"Ultra Wire Small",c60c2257-b521-4f3f-9052-f4a16f25b252,"Ultra Wire Small Hot Orange",UTC,wire,"","hot orange","small",0,0
"wire||utc||ultra wire small||",0a0d42b9-dba7-4e73-86d6-6022c6c9873a,"Ultra Wire Small",d54a27b7-9df3-43d5-8df2-75cd966a678a,"Ultra Wire Small Red",UTC,wire,"","red","small",0,0
"wire||utc||ultra wire small||",0a0d42b9-dba7-4e73-86d6-6022c6c9873a,"Ultra Wire Small",f69e4591-0d94-4151-b94b-85dc113f6499,"Ultra Wire Small Copper",UTC,wire,"","copper","small",0,0
"bead||hareline||slotted tungsten 3.0mm||3.0mm",0a515573-fb3d-44af-b4e1-cc014396ae85,"Slotted Tungsten 3.0mm",0a515573-fb3d-44af-b4e1-cc014396ae85,"Slotted Tungsten 3.0mm Copper",Hareline,bead,"3.0mm","Copper","3.0mm",0,0
"bead||hareline||slotted tungsten 3.0mm||3.0mm",0a515573-fb3d-44af-b4e1-cc014396ae85,"Slotted Tungsten 3.0mm",1044b60a-87e2-4fd5-a0d1-6bdf4fe94b9e,"Slotted Tungsten 3.0mm Fluorescent Red",Hareline,bead,"3.0mm","Fluorescent Red","3.0mm",0,0
"bead||hareline||slotted tungsten 3.0mm||3.0mm",0a515573-fb3d-44af-b4e1-cc014396ae85,"Slotted Tungsten 3.0mm",284fc645-0694-490e-a909-207b3e04c802,"Slotted Tungsten 3.0mm Gold",Hareline,bead,"3.0mm","Gold","3.0mm",0,0
"bead||hareline||slotted tungsten 3.0mm||3.0mm",0a515573-fb3d-44af-b4e1-cc014396ae85,"Slotted Tungsten 3.0mm",85a7ffbb-a5f5-4aba-a1ec-59ebb80f5db9,"Slotted Tungsten 3.0mm Silver",Hareline,bead,"3.0mm","Silver","3.0mm",0,0
"bead||hareline||slotted tungsten 3.0mm||3.0mm",0a515573-fb3d-44af-b4e1-cc014396ae85,"Slotted Tungsten 3.0mm",9f075f81-3042-4863-930d-1e37c5d0aab9,"Slotted Tungsten 3.0mm Fluorescent Chartreuse",Hareline,bead,"3.0mm","Fluorescent Chartreuse","3.0mm",0,0
"bead||hareline||slotted tungsten 3.0mm||3.0mm",0a515573-fb3d-44af-b4e1-cc014396ae85,"Slotted Tungsten 3.0mm",a882f348-1f31-4859-90d6-9e4056331f63,"Slotted Tungsten 3.0mm Hot Pink",Hareline,bead,"3.0mm","Hot Pink","3.0mm",0,0
"bead||hareline||slotted tungsten 3.0mm||3.0mm",0a515573-fb3d-44af-b4e1-cc014396ae85,"Slotted Tungsten 3.0mm",ad25eb70-f8e4-4fdc-b5cb-d86fc628c8f4,"Slotted Tungsten 3.0mm Black Nickel",Hareline,bead,"3.0mm","Black Nickel","3.0mm",0,0
"bead||hareline||slotted tungsten 3.0mm||3.0mm",0a515573-fb3d-44af-b4e1-cc014396ae85,"Slotted Tungsten 3.0mm",ad7b98a1-b22e-4316-b648-a96d8eec4329,"Slotted Tungsten 3.0mm Hot Orange",Hareline,bead,"3.0mm","Hot Orange","3.0mm",0,0
"bead||hareline||slotted tungsten 3.0mm||3.0mm",0a515573-fb3d-44af-b4e1-cc014396ae85,"Slotted Tungsten 3.0mm",cae65542-46d5-4e72-9ccf-37da5cd29917,"Slotted Tungsten 3.0mm Olive Metallic",Hareline,bead,"3.0mm","Olive Metallic","3.0mm",0,0
"bead||hareline||slotted tungsten 3.0mm||3.0mm",0a515573-fb3d-44af-b4e1-cc014396ae85,"Slotted Tungsten 3.0mm",ecafeaab-403f-4348-9c03-d58be799749a,"Slotted Tungsten 3.0mm Matte Black",Hareline,bead,"3.0mm","Matte Black","3.0mm",0,0
"thread||veevus||veevus power thread 240d||240d",0c119079-330d-4a25-be1a-e6c66fab6c51,"Veevus Power Thread 240D",0c119079-330d-4a25-be1a-e6c66fab6c51,"Veevus Power Thread 240D Olive",Veevus,thread,"240D","olive","240D",0,0
"thread||veevus||veevus power thread 240d||240d",0c119079-330d-4a25-be1a-e6c66fab6c51,"Veevus Power Thread 240D",3ff5b673-994f-42af-879c-660eea8c0513,"Veevus Power Thread 240D Red",Veevus,thread,"240D","red","240D",0,0
"thread||veevus||veevus power thread 240d||240d",0c119079-330d-4a25-be1a-e6c66fab6c51,"Veevus Power Thread 240D",652b22a7-fbe3-4813-888a-4fc0623cb4cb,"Veevus Power Thread 240D White",Veevus,thread,"240D","white","240D",0,0
"thread||veevus||veevus power thread 240d||240d",0c119079-330d-4a25-be1a-e6c66fab6c51,"Veevus Power Thread 240D",7cdbeb90-8f75-4a66-b29e-dad2d657a655,"Veevus Power Thread 240D Fl. Hot Pink",Veevus,thread,"240D","fl. hot pink","240D",0,0
"thread||veevus||veevus power thread 240d||240d",0c119079-330d-4a25-be1a-e6c66fab6c51,"Veevus Power Thread 240D",7d62b9a8-c3f6-400d-a8a9-563ef66e8521,"Veevus Power Thread 240D Fl. Fire Orange",Veevus,thread,"240D","fl. fire orange","240D",0,0
"thread||veevus||veevus power thread 240d||240d",0c119079-330d-4a25-be1a-e6c66fab6c51,"Veevus Power Thread 240D",863bb7f5-acb6-46b6-be5e-766456d0708f,"Veevus Power Thread 240D Brown",Veevus,thread,"240D","brown","240D",0,0
"thread||veevus||veevus power thread 240d||240d",0c119079-330d-4a25-be1a-e6c66fab6c51,"Veevus Power Thread 240D",8cb65302-c91f-4891-9521-c071685de53f,"Veevus Power Thread 240D Gray",Veevus,thread,"240D","gray","240D",0,0
"thread||veevus||veevus power thread 240d||240d",0c119079-330d-4a25-be1a-e6c66fab6c51,"Veevus Power Thread 240D",bece2f42-5fba-44c2-85bb-5bed522d1575,"Veevus Power Thread 240D Fl. Chartreuse",Veevus,thread,"240D","fl. chartreuse","240D",0,0
"thread||veevus||veevus power thread 240d||240d",0c119079-330d-4a25-be1a-e6c66fab6c51,"Veevus Power Thread 240D",d624ea08-6188-462c-9eb6-212e70bacd45,"Veevus Power Thread 240D Black",Veevus,thread,"240D","black","240D",0,0
"thread||veevus||veevus power thread 240d||240d",0c119079-330d-4a25-be1a-e6c66fab6c51,"Veevus Power Thread 240D",d90e4fa4-a773-4b79-981c-bcc233bd6ad6,"Veevus Power Thread 240D Fl. Orange",Veevus,thread,"240D","fl. orange","240D",0,0
"bead||hareline||slotted tungsten 3.3mm||3.3mm",0da9180a-b432-4956-8f09-5cd7ad53e0a5,"Slotted Tungsten 3.3mm",0da9180a-b432-4956-8f09-5cd7ad53e0a5,"Slotted Tungsten 3.3mm Fluorescent Chartreuse",Hareline,bead,"3.3mm","Fluorescent Chartreuse","3.3mm",0,0
"bead||hareline||slotted tungsten 3.3mm||3.3mm",0da9180a-b432-4956-8f09-5cd7ad53e0a5,"Slotted Tungsten 3.3mm",34548c81-aee4-420b-b3b0-7d41c4e9c311,"Slotted Tungsten 3.3mm Silver",Hareline,bead,"3.3mm","Silver","3.3mm",0,0
"bead||hareline||slotted tungsten 3.3mm||3.3mm",0da9180a-b432-4956-8f09-5cd7ad53e0a5,"Slotted Tungsten 3.3mm",390c6f54-e43d-4d6a-a4c5-342e8f60fb89,"Slotted Tungsten 3.3mm Olive Metallic",Hareline,bead,"3.3mm","Olive Metallic","3.3mm",0,0
"bead||hareline||slotted tungsten 3.3mm||3.3mm",0da9180a-b432-4956-8f09-5cd7ad53e0a5,"Slotted Tungsten 3.3mm",b18b3b10-521d-4371-98e0-8cb75213ddd3,"Slotted Tungsten 3.3mm Gold",Hareline,bead,"3.3mm","Gold","3.3mm",0,0
"bead||hareline||slotted tungsten 3.3mm||3.3mm",0da9180a-b432-4956-8f09-5cd7ad53e0a5,"Slotted Tungsten 3.3mm",b2bb5d91-5ca3-457c-b69f-955bfe6597aa,"Slotted Tungsten 3.3mm Hot Pink",Hareline,bead,"3.3mm","Hot Pink","3.3mm",0,0
"bead||hareline||slotted tungsten 3.3mm||3.3mm",0da9180a-b432-4956-8f09-5cd7ad53e0a5,"Slotted Tungsten 3.3mm",bee88ade-fb97-44fd-b395-0f75b3da3723,"Slotted Tungsten 3.3mm Hot Orange",Hareline,bead,"3.3mm","Hot Orange","3.3mm",0,0
"bead||hareline||slotted tungsten 3.3mm||3.3mm",0da9180a-b432-4956-8f09-5cd7ad53e0a5,"Slotted Tungsten 3.3mm",c8a76126-3c42-4231-877f-da9f1dd0461c,"Slotted Tungsten 3.3mm Copper",Hareline,bead,"3.3mm","Copper","3.3mm",0,0
"bead||hareline||slotted tungsten 3.3mm||3.3mm",0da9180a-b432-4956-8f09-5cd7ad53e0a5,"Slotted Tungsten 3.3mm",cb5319e7-8248-4faf-adaf-cfeb75996016,"Slotted Tungsten 3.3mm Black Nickel",Hareline,bead,"3.3mm","Black Nickel","3.3mm",0,0
"bead||hareline||slotted tungsten 3.3mm||3.3mm",0da9180a-b432-4956-8f09-5cd7ad53e0a5,"Slotted Tungsten 3.3mm",e9354c72-8794-4dd9-aabf-17fbb93b08f9,"Slotted Tungsten 3.3mm Matte Black",Hareline,bead,"3.3mm","Matte Black","3.3mm",0,0
"bead||hareline||slotted tungsten 3.3mm||3.3mm",0da9180a-b432-4956-8f09-5cd7ad53e0a5,"Slotted Tungsten 3.3mm",ffba3ca3-bf2b-4bd4-87f8-dc5c717997ac,"Slotted Tungsten 3.3mm Fluorescent Red",Hareline,bead,"3.3mm","Fluorescent Red","3.3mm",0,0
"bead||hareline||slotted tungsten 2.5mm||2.5mm",11733e1e-d23b-479b-b592-bf8b34de63b4,"Slotted Tungsten 2.5mm",11733e1e-d23b-479b-b592-bf8b34de63b4,"Slotted Tungsten 2.5mm Matte Black",Hareline,bead,"2.5mm","Matte Black","2.5mm",0,0
"bead||hareline||slotted tungsten 2.5mm||2.5mm",11733e1e-d23b-479b-b592-bf8b34de63b4,"Slotted Tungsten 2.5mm",2ba7237d-daeb-40b3-8915-38acf6881cd6,"Slotted Tungsten 2.5mm Hot Orange",Hareline,bead,"2.5mm","Hot Orange","2.5mm",0,0
"bead||hareline||slotted tungsten 2.5mm||2.5mm",11733e1e-d23b-479b-b592-bf8b34de63b4,"Slotted Tungsten 2.5mm",3e3cc3f3-4c6c-48a0-aad9-0af91c0a45d6,"Slotted Tungsten 2.5mm Fluorescent Chartreuse",Hareline,bead,"2.5mm","Fluorescent Chartreuse","2.5mm",0,0
"bead||hareline||slotted tungsten 2.5mm||2.5mm",11733e1e-d23b-479b-b592-bf8b34de63b4,"Slotted Tungsten 2.5mm",50ba2ad9-da97-4274-8f45-33ff1cb3697b,"Slotted Tungsten 2.5mm Fluorescent Red",Hareline,bead,"2.5mm","Fluorescent Red","2.5mm",0,0
"bead||hareline||slotted tungsten 2.5mm||2.5mm",11733e1e-d23b-479b-b592-bf8b34de63b4,"Slotted Tungsten 2.5mm",84882506-0ada-4637-b593-f1e7c3a30d15,"Slotted Tungsten 2.5mm Black Nickel",Hareline,bead,"2.5mm","Black Nickel","2.5mm",0,0
"bead||hareline||slotted tungsten 2.5mm||2.5mm",11733e1e-d23b-479b-b592-bf8b34de63b4,"Slotted Tungsten 2.5mm",9ebb2f5f-925a-4c5f-a2a5-ec9663b54a7a,"Slotted Tungsten 2.5mm Gold",Hareline,bead,"2.5mm","Gold","2.5mm",0,0
"bead||hareline||slotted tungsten 2.5mm||2.5mm",11733e1e-d23b-479b-b592-bf8b34de63b4,"Slotted Tungsten 2.5mm",ad96cff0-f612-4a22-96c3-1e8d792e08bf,"Slotted Tungsten 2.5mm Copper",Hareline,bead,"2.5mm","Copper","2.5mm",0,0
"bead||hareline||slotted tungsten 2.5mm||2.5mm",11733e1e-d23b-479b-b592-bf8b34de63b4,"Slotted Tungsten 2.5mm",b4b471dc-c632-47d2-9868-9f66c491aa4e,"Slotted Tungsten 2.5mm Silver",Hareline,bead,"2.5mm","Silver","2.5mm",0,0
"bead||hareline||slotted tungsten 2.5mm||2.5mm",11733e1e-d23b-479b-b592-bf8b34de63b4,"Slotted Tungsten 2.5mm",b869d417-2c04-4f65-8601-a44af940a9ae,"Slotted Tungsten 2.5mm Hot Pink",Hareline,bead,"2.5mm","Hot Pink","2.5mm",0,0
"bead||hareline||slotted tungsten 2.5mm||2.5mm",11733e1e-d23b-479b-b592-bf8b34de63b4,"Slotted Tungsten 2.5mm",c1efcadb-bfe5-46b2-ae3b-6f330b2c4331,"Slotted Tungsten 2.5mm Olive Metallic",Hareline,bead,"2.5mm","Olive Metallic","2.5mm",0,0
"bead||hareline||slotted tungsten 2.0mm||2.0mm",119fc1f6-62ff-46d8-a7d2-f1531b655abe,"Slotted Tungsten 2.0mm",119fc1f6-62ff-46d8-a7d2-f1531b655abe,"Slotted Tungsten 2.0mm Copper",Hareline,bead,"2.0mm","Copper","2.0mm",0,0
"bead||hareline||slotted tungsten 2.0mm||2.0mm",119fc1f6-62ff-46d8-a7d2-f1531b655abe,"Slotted Tungsten 2.0mm",35f4a16c-4f62-4506-a10b-2d296aa20725,"Slotted Tungsten 2.0mm Hot Pink",Hareline,bead,"2.0mm","Hot Pink","2.0mm",0,0
"bead||hareline||slotted tungsten 2.0mm||2.0mm",119fc1f6-62ff-46d8-a7d2-f1531b655abe,"Slotted Tungsten 2.0mm",6d38047b-b70c-4c2b-97e3-555ce46d5d2f,"Slotted Tungsten 2.0mm Matte Black",Hareline,bead,"2.0mm","Matte Black","2.0mm",0,0
"bead||hareline||slotted tungsten 2.0mm||2.0mm",119fc1f6-62ff-46d8-a7d2-f1531b655abe,"Slotted Tungsten 2.0mm",73f3b9a8-2ebc-4cac-a241-614fc7e46615,"Slotted Tungsten 2.0mm Hot Orange",Hareline,bead,"2.0mm","Hot Orange","2.0mm",0,0
"bead||hareline||slotted tungsten 2.0mm||2.0mm",119fc1f6-62ff-46d8-a7d2-f1531b655abe,"Slotted Tungsten 2.0mm",88a3c45c-8cf3-443d-8800-5ffc9023c620,"Slotted Tungsten 2.0mm Fluorescent Chartreuse",Hareline,bead,"2.0mm","Fluorescent Chartreuse","2.0mm",0,0
"bead||hareline||slotted tungsten 2.0mm||2.0mm",119fc1f6-62ff-46d8-a7d2-f1531b655abe,"Slotted Tungsten 2.0mm",99371932-4f91-4edc-bcc3-be1717cfca92,"Slotted Tungsten 2.0mm Olive Metallic",Hareline,bead,"2.0mm","Olive Metallic","2.0mm",0,0
"bead||hareline||slotted tungsten 2.0mm||2.0mm",119fc1f6-62ff-46d8-a7d2-f1531b655abe,"Slotted Tungsten 2.0mm",a452c068-da98-42df-be93-d41b8d96b291,"Slotted Tungsten 2.0mm Silver",Hareline,bead,"2.0mm","Silver","2.0mm",0,0
"bead||hareline||slotted tungsten 2.0mm||2.0mm",119fc1f6-62ff-46d8-a7d2-f1531b655abe,"Slotted Tungsten 2.0mm",bee9486b-b7ca-4d7c-a651-8dd97327860e,"Slotted Tungsten 2.0mm Black Nickel",Hareline,bead,"2.0mm","Black Nickel","2.0mm",0,0
"bead||hareline||slotted tungsten 2.0mm||2.0mm",119fc1f6-62ff-46d8-a7d2-f1531b655abe,"Slotted Tungsten 2.0mm",cd24e2ac-2d49-42e5-b542-f51ddfd3c9af,"Slotted Tungsten 2.0mm Gold",Hareline,bead,"2.0mm","Gold","2.0mm",0,0
"bead||hareline||slotted tungsten 2.0mm||2.0mm",119fc1f6-62ff-46d8-a7d2-f1531b655abe,"Slotted Tungsten 2.0mm",efa1b570-fab8-4fa4-a402-0ec59d02590c,"Slotted Tungsten 2.0mm Fluorescent Red",Hareline,bead,"2.0mm","Fluorescent Red","2.0mm",0,0
"thread||veevus||veevus power thread 140d||140d",145cd7b2-a4d9-4e82-93b5-24c43e69bc9d,"Veevus Power Thread 140D",145cd7b2-a4d9-4e82-93b5-24c43e69bc9d,"Veevus Power Thread 140D Gray",Veevus,thread,"140D","gray","140D",0,0
"thread||veevus||veevus power thread 140d||140d",145cd7b2-a4d9-4e82-93b5-24c43e69bc9d,"Veevus Power Thread 140D",15b373ad-7fb4-48ed-a10d-791c7f1109ac,"Veevus Power Thread 140D Fl. Fire Orange",Veevus,thread,"140D","fl. fire orange","140D",0,0
"thread||veevus||veevus power thread 140d||140d",145cd7b2-a4d9-4e82-93b5-24c43e69bc9d,"Veevus Power Thread 140D",26e1870d-e108-4c66-9595-2d0a4ded3cf7,"Veevus Power Thread 140D Fl. Chartreuse",Veevus,thread,"140D","fl. chartreuse","140D",0,0
"thread||veevus||veevus power thread 140d||140d",145cd7b2-a4d9-4e82-93b5-24c43e69bc9d,"Veevus Power Thread 140D",5cffda3f-6b75-4488-b1c1-e27b68341e76,"Veevus Power Thread 140D White",Veevus,thread,"140D","white","140D",0,0
"thread||veevus||veevus power thread 140d||140d",145cd7b2-a4d9-4e82-93b5-24c43e69bc9d,"Veevus Power Thread 140D",9bb5b933-c32c-47d3-88b6-aefe1b893b76,"Veevus Power Thread 140D Fl. Hot Pink",Veevus,thread,"140D","fl. hot pink","140D",0,0
"thread||veevus||veevus power thread 140d||140d",145cd7b2-a4d9-4e82-93b5-24c43e69bc9d,"Veevus Power Thread 140D",a4a08d70-0b9e-43c0-ab6e-f7280154cf9a,"Veevus Power Thread 140D Red",Veevus,thread,"140D","red","140D",0,0
"thread||veevus||veevus power thread 140d||140d",145cd7b2-a4d9-4e82-93b5-24c43e69bc9d,"Veevus Power Thread 140D",b44ce098-fefd-4ad6-9022-af731474e8d5,"Veevus Power Thread 140D Olive",Veevus,thread,"140D","olive","140D",0,0
"thread||veevus||veevus power thread 140d||140d",145cd7b2-a4d9-4e82-93b5-24c43e69bc9d,"Veevus Power Thread 140D",ca6a59ca-2b6a-4f93-aa14-ec63f20af9e8,"Veevus Power Thread 140D Fl. Orange",Veevus,thread,"140D","fl. orange","140D",0,0
"thread||veevus||veevus power thread 140d||140d",145cd7b2-a4d9-4e82-93b5-24c43e69bc9d,"Veevus Power Thread 140D",d5725d9f-96b5-4d35-9f96-cc5d6e35ee7e,"Veevus Power Thread 140D Black",Veevus,thread,"140D","black","140D",0,0
"thread||veevus||veevus power thread 140d||140d",145cd7b2-a4d9-4e82-93b5-24c43e69bc9d,"Veevus Power Thread 140D",d6e7f1ae-e38e-48e7-aa40-d65b42817f74,"Veevus Power Thread 140D Brown",Veevus,thread,"140D","brown","140D",0,0
"bead||hareline||slotted tungsten 1.5mm||1.5mm",16334dc8-2aa9-4c52-80e5-1377dacdc1c9,"Slotted Tungsten 1.5mm",16334dc8-2aa9-4c52-80e5-1377dacdc1c9,"Slotted Tungsten 1.5mm Hot Orange",Hareline,bead,"1.5mm","Hot Orange","1.5mm",0,0
"bead||hareline||slotted tungsten 1.5mm||1.5mm",16334dc8-2aa9-4c52-80e5-1377dacdc1c9,"Slotted Tungsten 1.5mm",19227585-6863-482f-a228-af6b525428ec,"Slotted Tungsten 1.5mm Gold",Hareline,bead,"1.5mm","Gold","1.5mm",0,0
"bead||hareline||slotted tungsten 1.5mm||1.5mm",16334dc8-2aa9-4c52-80e5-1377dacdc1c9,"Slotted Tungsten 1.5mm",609cd276-5cc3-4844-a696-8590c48ae6c4,"Slotted Tungsten 1.5mm Fluorescent Chartreuse",Hareline,bead,"1.5mm","Fluorescent Chartreuse","1.5mm",0,0
"bead||hareline||slotted tungsten 1.5mm||1.5mm",16334dc8-2aa9-4c52-80e5-1377dacdc1c9,"Slotted Tungsten 1.5mm",665122d9-05c9-4c5c-a36f-ae5f902857e6,"Slotted Tungsten 1.5mm Black Nickel",Hareline,bead,"1.5mm","Black Nickel","1.5mm",0,0
"bead||hareline||slotted tungsten 1.5mm||1.5mm",16334dc8-2aa9-4c52-80e5-1377dacdc1c9,"Slotted Tungsten 1.5mm",782f172d-07fb-4282-a3d2-64371cce878d,"Slotted Tungsten 1.5mm Matte Black",Hareline,bead,"1.5mm","Matte Black","1.5mm",0,0
"bead||hareline||slotted tungsten 1.5mm||1.5mm",16334dc8-2aa9-4c52-80e5-1377dacdc1c9,"Slotted Tungsten 1.5mm",7a14e8e5-ce9f-4437-8835-428ee62921c1,"Slotted Tungsten 1.5mm Hot Pink",Hareline,bead,"1.5mm","Hot Pink","1.5mm",0,0
"bead||hareline||slotted tungsten 1.5mm||1.5mm",16334dc8-2aa9-4c52-80e5-1377dacdc1c9,"Slotted Tungsten 1.5mm",88fab621-5c85-4305-b8e1-4008c0a675fa,"Slotted Tungsten 1.5mm Silver",Hareline,bead,"1.5mm","Silver","1.5mm",0,0
"bead||hareline||slotted tungsten 1.5mm||1.5mm",16334dc8-2aa9-4c52-80e5-1377dacdc1c9,"Slotted Tungsten 1.5mm",95192abb-4a41-48fb-8c0b-ffb82ad96e65,"Slotted Tungsten 1.5mm Fluorescent Red",Hareline,bead,"1.5mm","Fluorescent Red","1.5mm",0,0
"bead||hareline||slotted tungsten 1.5mm||1.5mm",16334dc8-2aa9-4c52-80e5-1377dacdc1c9,"Slotted Tungsten 1.5mm",9e1063d8-2cf9-431b-bf4a-384db2f6c489,"Slotted Tungsten 1.5mm Copper",Hareline,bead,"1.5mm","Copper","1.5mm",0,0
"bead||hareline||slotted tungsten 1.5mm||1.5mm",16334dc8-2aa9-4c52-80e5-1377dacdc1c9,"Slotted Tungsten 1.5mm",d48db658-da49-46de-b219-0c0f584124fe,"Slotted Tungsten 1.5mm Olive Metallic",Hareline,bead,"1.5mm","Olive Metallic","1.5mm",0,0
"wire||utc||ultra wire large||",18e85fa2-be5e-4ae3-b82e-2fac5d2bc14a,"Ultra Wire Large",18e85fa2-be5e-4ae3-b82e-2fac5d2bc14a,"Ultra Wire Large Green",UTC,wire,"","green","large",0,0
"wire||utc||ultra wire large||",18e85fa2-be5e-4ae3-b82e-2fac5d2bc14a,"Ultra Wire Large",1a5043e9-2343-47fe-a9b2-017616b744cf,"Ultra Wire Large Chartreuse",UTC,wire,"","chartreuse","large",0,0
"wire||utc||ultra wire large||",18e85fa2-be5e-4ae3-b82e-2fac5d2bc14a,"Ultra Wire Large",2fc5f135-2da4-49b5-9352-1c68569990d7,"Ultra Wire Large Hot Orange",UTC,wire,"","hot orange","large",0,0
"wire||utc||ultra wire large||",18e85fa2-be5e-4ae3-b82e-2fac5d2bc14a,"Ultra Wire Large",5a7e63b1-d239-4967-aaba-c88bbf6d5e5d,"Ultra Wire Large Gold",UTC,wire,"","gold","large",0,0
"wire||utc||ultra wire large||",18e85fa2-be5e-4ae3-b82e-2fac5d2bc14a,"Ultra Wire Large",9a1c5974-b2c4-476b-98a5-f34fb2a80ea7,"Ultra Wire Large Wine",UTC,wire,"","wine","large",0,0
"wire||utc||ultra wire large||",18e85fa2-be5e-4ae3-b82e-2fac5d2bc14a,"Ultra Wire Large",9fe4b82d-60a1-4f07-8d13-0410284da010,"Ultra Wire Large Brown",UTC,wire,"","brown","large",0,0
"wire||utc||ultra wire large||",18e85fa2-be5e-4ae3-b82e-2fac5d2bc14a,"Ultra Wire Large",acfc4ee2-4be9-4a49-9f37-1bbb0214c5c1,"Ultra Wire Large Silver",UTC,wire,"","silver","large",0,0
"wire||utc||ultra wire large||",18e85fa2-be5e-4ae3-b82e-2fac5d2bc14a,"Ultra Wire Large",d3860255-4fab-4ba6-a91e-0939b5296a5a,"Ultra Wire Large Red",UTC,wire,"","red","large",0,0
"wire||utc||ultra wire large||",18e85fa2-be5e-4ae3-b82e-2fac5d2bc14a,"Ultra Wire Large",d5a9cd62-dcb3-445c-b50b-66c9f452043b,"Ultra Wire Large Copper",UTC,wire,"","copper","large",0,0
"wire||utc||ultra wire large||",18e85fa2-be5e-4ae3-b82e-2fac5d2bc14a,"Ultra Wire Large",edf75c20-e4fe-447f-b210-b1dffb51c6bb,"Ultra Wire Large Black",UTC,wire,"","black","large",0,0
"thread||veevus||veevus power thread 70d||70d",1a2e559f-91e6-43c8-97d6-302fd4bbfc17,"Veevus Power Thread 70D",1a2e559f-91e6-43c8-97d6-302fd4bbfc17,"Veevus Power Thread 70D Olive",Veevus,thread,"70D","olive","70D",0,0
"thread||veevus||veevus power thread 70d||70d",1a2e559f-91e6-43c8-97d6-302fd4bbfc17,"Veevus Power Thread 70D",5c2265d0-805a-417f-8cd6-786caa8626b1,"Veevus Power Thread 70D Black",Veevus,thread,"70D","black","70D",0,0
"thread||veevus||veevus power thread 70d||70d",1a2e559f-91e6-43c8-97d6-302fd4bbfc17,"Veevus Power Thread 70D",8b67b24c-2ce7-498b-9a88-f9cbcdc2c9d2,"Veevus Power Thread 70D Fl. Fire Orange",Veevus,thread,"70D","fl. fire orange","70D",0,0
"thread||veevus||veevus power thread 70d||70d",1a2e559f-91e6-43c8-97d6-302fd4bbfc17,"Veevus Power Thread 70D",916986d1-1d21-4a6f-b669-519a3dc42930,"Veevus Power Thread 70D White",Veevus,thread,"70D","white","70D",0,0
"thread||veevus||veevus power thread 70d||70d",1a2e559f-91e6-43c8-97d6-302fd4bbfc17,"Veevus Power Thread 70D",9368bf1c-b291-494b-a41e-ae129029ff52,"Veevus Power Thread 70D Fl. Orange",Veevus,thread,"70D","fl. orange","70D",0,0
"thread||veevus||veevus power thread 70d||70d",1a2e559f-91e6-43c8-97d6-302fd4bbfc17,"Veevus Power Thread 70D",94f9e93e-e3dc-4fe6-b952-a4383e5ae16b,"Veevus Power Thread 70D Fl. Hot Pink",Veevus,thread,"70D","fl. hot pink","70D",0,0
"thread||veevus||veevus power thread 70d||70d",1a2e559f-91e6-43c8-97d6-302fd4bbfc17,"Veevus Power Thread 70D",b1a34177-750f-4a30-b1ad-9e4d0b8ad541,"Veevus Power Thread 70D Fl. Chartreuse",Veevus,thread,"70D","fl. chartreuse","70D",0,0
"thread||veevus||veevus power thread 70d||70d",1a2e559f-91e6-43c8-97d6-302fd4bbfc17,"Veevus Power Thread 70D",bcf277da-5cfb-4525-81b7-e30d07bf5aa3,"Veevus Power Thread 70D Gray",Veevus,thread,"70D","gray","70D",0,0
"thread||veevus||veevus power thread 70d||70d",1a2e559f-91e6-43c8-97d6-302fd4bbfc17,"Veevus Power Thread 70D",cd18e359-94b5-480d-ac37-66efb33da699,"Veevus Power Thread 70D Brown",Veevus,thread,"70D","brown","70D",0,0
"thread||veevus||veevus power thread 70d||70d",1a2e559f-91e6-43c8-97d6-302fd4bbfc17,"Veevus Power Thread 70D",f2fd24bf-43e0-4bec-bcf2-9d1be61d1ff4,"Veevus Power Thread 70D Red",Veevus,thread,"70D","red","70D",0,0
"feather||whiting farms||100s saddle hackle||",1d549eea-033e-4f76-adc9-328b59bdbe7e,"100s Saddle Hackle",1d549eea-033e-4f76-adc9-328b59bdbe7e,"100s Saddle Hackle White",Whiting Farms,feather,"","white","",0,0
"feather||whiting farms||100s saddle hackle||",1d549eea-033e-4f76-adc9-328b59bdbe7e,"100s Saddle Hackle",335acd84-0e93-4a47-82a7-6fa383be1e68,"100s Saddle Hackle Brown",Whiting Farms,feather,"","brown","",0,0
"feather||whiting farms||100s saddle hackle||",1d549eea-033e-4f76-adc9-328b59bdbe7e,"100s Saddle Hackle",507d0ea0-36d7-4df7-b0d9-7417461baf91,"100s Saddle Hackle Ginger",Whiting Farms,feather,"","ginger","",0,0
"feather||whiting farms||100s saddle hackle||",1d549eea-033e-4f76-adc9-328b59bdbe7e,"100s Saddle Hackle",5e431e3d-c737-431a-b88b-2b61b8a3770d,"100s Saddle Hackle Cream",Whiting Farms,feather,"","cream","",0,0
"feather||whiting farms||100s saddle hackle||",1d549eea-033e-4f76-adc9-328b59bdbe7e,"100s Saddle Hackle",795ef709-5a6f-4033-ae61-ac09e0d86d74,"100s Saddle Hackle Badger",Whiting Farms,feather,"","badger","",0,0
"feather||whiting farms||100s saddle hackle||",1d549eea-033e-4f76-adc9-328b59bdbe7e,"100s Saddle Hackle",a5e57af5-b19f-4812-8e3a-c9f34248a129,"100s Saddle Hackle Black",Whiting Farms,feather,"","black","",0,0
"feather||whiting farms||100s saddle hackle||",1d549eea-033e-4f76-adc9-328b59bdbe7e,"100s Saddle Hackle",bd1674fc-2364-48c5-bf28-1be6b27e42aa,"100s Saddle Hackle Dun",Whiting Farms,feather,"","dun","",0,0
"feather||whiting farms||100s saddle hackle||",1d549eea-033e-4f76-adc9-328b59bdbe7e,"100s Saddle Hackle",cccbfdf7-fee5-4902-b6bd-96b6d378ae16,"100s Saddle Hackle Grizzly",Whiting Farms,feather,"","grizzly","",0,0
"feather||whiting farms||100s saddle hackle||",1d549eea-033e-4f76-adc9-328b59bdbe7e,"100s Saddle Hackle",d7d94be1-47e0-4ae6-943a-0d4547e85bd8,"100s Saddle Hackle Furnace",Whiting Farms,feather,"","furnace","",0,0
"feather||whiting farms||100s saddle hackle||",1d549eea-033e-4f76-adc9-328b59bdbe7e,"100s Saddle Hackle",f0a297e7-001c-44e3-850f-e7c357abac9e,"100s Saddle Hackle Coachman Brown",Whiting Farms,feather,"","coachman brown","",0,0
"dubbing||wapsi||slf dubbing||",1df73f12-81af-41e5-bd1b-041f34063b4d,"SLF Dubbing",1df73f12-81af-41e5-bd1b-041f34063b4d,"SLF Dubbing Black",Wapsi,dubbing,"","black","",0,0
"dubbing||wapsi||slf dubbing||",1df73f12-81af-41e5-bd1b-041f34063b4d,"SLF Dubbing",355e7618-59df-454a-b96d-d3282e05dd2b,"SLF Dubbing Squirrel",Wapsi,dubbing,"","squirrel","",0,0
"dubbing||wapsi||slf dubbing||",1df73f12-81af-41e5-bd1b-041f34063b4d,"SLF Dubbing",7c5de2ad-efcf-40e1-a335-f6c191ea3f63,"SLF Dubbing Pheasant Tail",Wapsi,dubbing,"","pheasant tail","",0,0
"dubbing||wapsi||slf dubbing||",1df73f12-81af-41e5-bd1b-041f34063b4d,"SLF Dubbing",91e11445-1788-4300-a826-4ecb219bcf41,"SLF Dubbing Fiery Brown",Wapsi,dubbing,"","fiery brown","",0,0
"dubbing||wapsi||slf dubbing||",1df73f12-81af-41e5-bd1b-041f34063b4d,"SLF Dubbing",94041253-9592-4c2a-8654-b2040c78d1eb,"SLF Dubbing Light Hares Ear",Wapsi,dubbing,"","light hares ear","",0,0
"dubbing||wapsi||slf dubbing||",1df73f12-81af-41e5-bd1b-041f34063b4d,"SLF Dubbing",988c9fc9-8431-4212-9dea-0264e6b8c2f2,"SLF Dubbing Dark Hares Ear",Wapsi,dubbing,"","dark hares ear","",0,0
"dubbing||wapsi||slf dubbing||",1df73f12-81af-41e5-bd1b-041f34063b4d,"SLF Dubbing",aa08c4ce-986a-4424-bdb8-bdfbe9e123a6,"SLF Dubbing Hot Orange",Wapsi,dubbing,"","hot orange","",0,0
"dubbing||wapsi||slf dubbing||",1df73f12-81af-41e5-bd1b-041f34063b4d,"SLF Dubbing",c39cdf71-9847-448e-b90c-2bbd46dfb711,"SLF Dubbing Dark Olive",Wapsi,dubbing,"","dark olive","",0,0
"dubbing||wapsi||slf dubbing||",1df73f12-81af-41e5-bd1b-041f34063b4d,"SLF Dubbing",d50e2ae3-b9c0-47af-8aea-4023e4855d23,"SLF Dubbing Olive",Wapsi,dubbing,"","olive","",0,0
"dubbing||wapsi||slf dubbing||",1df73f12-81af-41e5-bd1b-041f34063b4d,"SLF Dubbing",e2a9d3a4-191c-470a-bfd8-d9326bc3bf83,"SLF Dubbing Claret",Wapsi,dubbing,"","claret","",0,0
"bead||hareline||slotted tungsten 4.0mm||4.0mm",249600a5-82ac-42b1-882e-36d2d7f98983,"Slotted Tungsten 4.0mm",249600a5-82ac-42b1-882e-36d2d7f98983,"Slotted Tungsten 4.0mm Matte Black",Hareline,bead,"4.0mm","Matte Black","4.0mm",0,0
"bead||hareline||slotted tungsten 4.0mm||4.0mm",249600a5-82ac-42b1-882e-36d2d7f98983,"Slotted Tungsten 4.0mm",44323bc6-f259-4b75-b5b6-c79611cba1ac,"Slotted Tungsten 4.0mm Fluorescent Chartreuse",Hareline,bead,"4.0mm","Fluorescent Chartreuse","4.0mm",0,0
"bead||hareline||slotted tungsten 4.0mm||4.0mm",249600a5-82ac-42b1-882e-36d2d7f98983,"Slotted Tungsten 4.0mm",8e5f19a2-fa86-4fd3-89d5-97199eb7f7fc,"Slotted Tungsten 4.0mm Hot Pink",Hareline,bead,"4.0mm","Hot Pink","4.0mm",0,0
"bead||hareline||slotted tungsten 4.0mm||4.0mm",249600a5-82ac-42b1-882e-36d2d7f98983,"Slotted Tungsten 4.0mm",a7e14ffa-b409-443a-a509-1fa5e4236197,"Slotted Tungsten 4.0mm Hot Orange",Hareline,bead,"4.0mm","Hot Orange","4.0mm",0,0
"bead||hareline||slotted tungsten 4.0mm||4.0mm",249600a5-82ac-42b1-882e-36d2d7f98983,"Slotted Tungsten 4.0mm",c53e5e9e-ddfd-44e2-a18d-bc3a05fcfb3d,"Slotted Tungsten 4.0mm Fluorescent Red",Hareline,bead,"4.0mm","Fluorescent Red","4.0mm",0,0
"bead||hareline||slotted tungsten 4.0mm||4.0mm",249600a5-82ac-42b1-882e-36d2d7f98983,"Slotted Tungsten 4.0mm",c99bfdb4-9f0e-4655-a28d-f15fe6642cca,"Slotted Tungsten 4.0mm Olive Metallic",Hareline,bead,"4.0mm","Olive Metallic","4.0mm",0,0
"bead||hareline||slotted tungsten 4.0mm||4.0mm",249600a5-82ac-42b1-882e-36d2d7f98983,"Slotted Tungsten 4.0mm",d6bef15a-3578-497b-a6d6-0e804bfefd1b,"Slotted Tungsten 4.0mm Gold",Hareline,bead,"4.0mm","Gold","4.0mm",0,0
"bead||hareline||slotted tungsten 4.0mm||4.0mm",249600a5-82ac-42b1-882e-36d2d7f98983,"Slotted Tungsten 4.0mm",e1a78c61-950b-475d-8361-7d3823519a9e,"Slotted Tungsten 4.0mm Copper",Hareline,bead,"4.0mm","Copper","4.0mm",0,0
"bead||hareline||slotted tungsten 4.0mm||4.0mm",249600a5-82ac-42b1-882e-36d2d7f98983,"Slotted Tungsten 4.0mm",e8f4189a-dce3-438e-a8de-9c2b9b3f81b0,"Slotted Tungsten 4.0mm Black Nickel",Hareline,bead,"4.0mm","Black Nickel","4.0mm",0,0
"bead||hareline||slotted tungsten 4.0mm||4.0mm",249600a5-82ac-42b1-882e-36d2d7f98983,"Slotted Tungsten 4.0mm",eb9e7dde-bcbb-4bf7-92f5-011edd6c75bf,"Slotted Tungsten 4.0mm Silver",Hareline,bead,"4.0mm","Silver","4.0mm",0,0
"wire||utc||ultra wire brassie||",404201ee-04ce-41a6-bb70-6354f9fad49a,"Ultra Wire Brassie",404201ee-04ce-41a6-bb70-6354f9fad49a,"Ultra Wire Brassie Gold",UTC,wire,"","gold","brassie",0,0
"wire||utc||ultra wire brassie||",404201ee-04ce-41a6-bb70-6354f9fad49a,"Ultra Wire Brassie",43eaeb50-c9df-4135-a511-a0cc176f4692,"Ultra Wire Brassie Green",UTC,wire,"","green","brassie",0,0
"wire||utc||ultra wire brassie||",404201ee-04ce-41a6-bb70-6354f9fad49a,"Ultra Wire Brassie",6adf332d-c739-46b1-be65-3ce7e591c5de,"Ultra Wire Brassie Brown",UTC,wire,"","brown","brassie",0,0
"wire||utc||ultra wire brassie||",404201ee-04ce-41a6-bb70-6354f9fad49a,"Ultra Wire Brassie",90e7754b-7095-43fc-96dd-97f45dfc00b2,"Ultra Wire Brassie Copper",UTC,wire,"","copper","brassie",0,0
"wire||utc||ultra wire brassie||",404201ee-04ce-41a6-bb70-6354f9fad49a,"Ultra Wire Brassie",a2ac885f-79fa-469a-aa26-7bf57fc46b6d,"Ultra Wire Brassie Chartreuse",UTC,wire,"","chartreuse","brassie",0,0
"wire||utc||ultra wire brassie||",404201ee-04ce-41a6-bb70-6354f9fad49a,"Ultra Wire Brassie",b38f57d3-c880-4568-bce7-2444c62aad88,"Ultra Wire Brassie Red",UTC,wire,"","red","brassie",0,0
"wire||utc||ultra wire brassie||",404201ee-04ce-41a6-bb70-6354f9fad49a,"Ultra Wire Brassie",b75b6844-1e07-4560-843b-d79c6eaf0c43,"Ultra Wire Brassie Black",UTC,wire,"","black","brassie",0,0
"wire||utc||ultra wire brassie||",404201ee-04ce-41a6-bb70-6354f9fad49a,"Ultra Wire Brassie",c7b30328-2ba3-4ed6-bac8-4087fa3881c0,"Ultra Wire Brassie Hot Orange",UTC,wire,"","hot orange","brassie",0,0
"wire||utc||ultra wire brassie||",404201ee-04ce-41a6-bb70-6354f9fad49a,"Ultra Wire Brassie",ecff27fa-f79d-4529-a398-6c433d6b83ca,"Ultra Wire Brassie Wine",UTC,wire,"","wine","brassie",0,0
"wire||utc||ultra wire brassie||",404201ee-04ce-41a6-bb70-6354f9fad49a,"Ultra Wire Brassie",ee48e0bc-b789-4399-b406-5b767bd57cff,"Ultra Wire Brassie Silver",UTC,wire,"","silver","brassie",0,0
"bead||hareline||slotted tungsten 2.8mm||2.8mm",53c3b98f-e9aa-4c51-84ed-c0e44763b7a5,"Slotted Tungsten 2.8mm",53c3b98f-e9aa-4c51-84ed-c0e44763b7a5,"Slotted Tungsten 2.8mm Black Nickel",Hareline,bead,"2.8mm","Black Nickel","2.8mm",0,0
"bead||hareline||slotted tungsten 2.8mm||2.8mm",53c3b98f-e9aa-4c51-84ed-c0e44763b7a5,"Slotted Tungsten 2.8mm",82e60756-4ebd-487d-877f-15e9b0dc63de,"Slotted Tungsten 2.8mm Silver",Hareline,bead,"2.8mm","Silver","2.8mm",0,0
"bead||hareline||slotted tungsten 2.8mm||2.8mm",53c3b98f-e9aa-4c51-84ed-c0e44763b7a5,"Slotted Tungsten 2.8mm",9f3e8458-0c63-445a-989d-19f5cffbf10e,"Slotted Tungsten 2.8mm Matte Black",Hareline,bead,"2.8mm","Matte Black","2.8mm",0,0
"bead||hareline||slotted tungsten 2.8mm||2.8mm",53c3b98f-e9aa-4c51-84ed-c0e44763b7a5,"Slotted Tungsten 2.8mm",a342dfd8-1437-4254-bb70-779831a83065,"Slotted Tungsten 2.8mm Olive Metallic",Hareline,bead,"2.8mm","Olive Metallic","2.8mm",0,0
"bead||hareline||slotted tungsten 2.8mm||2.8mm",53c3b98f-e9aa-4c51-84ed-c0e44763b7a5,"Slotted Tungsten 2.8mm",b0fe38c8-8bba-4c5b-86e2-6a8870492e50,"Slotted Tungsten 2.8mm Hot Orange",Hareline,bead,"2.8mm","Hot Orange","2.8mm",0,0
"bead||hareline||slotted tungsten 2.8mm||2.8mm",53c3b98f-e9aa-4c51-84ed-c0e44763b7a5,"Slotted Tungsten 2.8mm",b54cfb19-e3cf-4753-b94a-cd5c63b29777,"Slotted Tungsten 2.8mm Fluorescent Chartreuse",Hareline,bead,"2.8mm","Fluorescent Chartreuse","2.8mm",0,0
"bead||hareline||slotted tungsten 2.8mm||2.8mm",53c3b98f-e9aa-4c51-84ed-c0e44763b7a5,"Slotted Tungsten 2.8mm",bd7ec038-40fc-4daf-802d-7054bc67975b,"Slotted Tungsten 2.8mm Fluorescent Red",Hareline,bead,"2.8mm","Fluorescent Red","2.8mm",0,0
"bead||hareline||slotted tungsten 2.8mm||2.8mm",53c3b98f-e9aa-4c51-84ed-c0e44763b7a5,"Slotted Tungsten 2.8mm",dd575c8c-d115-4ae5-8208-a24ae2515476,"Slotted Tungsten 2.8mm Hot Pink",Hareline,bead,"2.8mm","Hot Pink","2.8mm",0,0
"bead||hareline||slotted tungsten 2.8mm||2.8mm",53c3b98f-e9aa-4c51-84ed-c0e44763b7a5,"Slotted Tungsten 2.8mm",e83175fb-92df-43cf-bb17-3ecd39b23a1a,"Slotted Tungsten 2.8mm Gold",Hareline,bead,"2.8mm","Gold","2.8mm",0,0
"bead||hareline||slotted tungsten 2.8mm||2.8mm",53c3b98f-e9aa-4c51-84ed-c0e44763b7a5,"Slotted Tungsten 2.8mm",f31b5b70-428a-4983-b644-9abdb1f36764,"Slotted Tungsten 2.8mm Copper",Hareline,bead,"2.8mm","Copper","2.8mm",0,0
"chenille||hareline||micro chenille||",00dd518d-b947-4161-81e6-2afa16c7eea3,"Micro Chenille",00dd518d-b947-4161-81e6-2afa16c7eea3,"Micro Chenille Black",Hareline,chenille,"","black","micro",0,0
"chenille||hareline||micro chenille||",00dd518d-b947-4161-81e6-2afa16c7eea3,"Micro Chenille",325e4057-fa74-45d3-911d-18de5b394613,"Micro Chenille Brown",Hareline,chenille,"","brown","micro",0,0
"chenille||hareline||micro chenille||",00dd518d-b947-4161-81e6-2afa16c7eea3,"Micro Chenille",5dd075d0-48b6-4e80-9a36-ec80847fc1ce,"Micro Chenille Midge Green",Hareline,chenille,"","midge green","micro",0,0
"chenille||hareline||micro chenille||",00dd518d-b947-4161-81e6-2afa16c7eea3,"Micro Chenille",5fe98b53-ddcc-437c-a8d3-cf64ea134215,"Micro Chenille Midge Red",Hareline,chenille,"","midge red","micro",0,0
"chenille||hareline||micro chenille||",00dd518d-b947-4161-81e6-2afa16c7eea3,"Micro Chenille",618a5e59-79b1-4446-8b95-83cfed8cdb25,"Micro Chenille White",Hareline,chenille,"","white","micro",0,0
"chenille||hareline||micro chenille||",00dd518d-b947-4161-81e6-2afa16c7eea3,"Micro Chenille",b1b7b66a-7dbe-407d-a121-0296561a85aa,"Micro Chenille Olive",Hareline,chenille,"","olive","micro",0,0
"chenille||hareline||micro chenille||",00dd518d-b947-4161-81e6-2afa16c7eea3,"Micro Chenille",c3bb6d40-51de-4d46-bbd0-eba3efb2926b,"Micro Chenille Cream",Hareline,chenille,"","cream","micro",0,0
"chenille||hareline||micro chenille||",00dd518d-b947-4161-81e6-2afa16c7eea3,"Micro Chenille",d373950f-973e-4610-b16b-4bc6c3e7048b,"Micro Chenille Tan",Hareline,chenille,"","tan","micro",0,0
"chenille||hareline||micro chenille||",00dd518d-b947-4161-81e6-2afa16c7eea3,"Micro Chenille",ed21a9a0-43fd-4258-b7ef-5a13d69229a8,"Micro Chenille Red",Hareline,chenille,"","red","micro",0,0
"thread||semperfli||nano silk 18/0||18/0",07d084c6-1a9f-4694-bcd6-b891c14f6644,"Nano Silk 18/0",07d084c6-1a9f-4694-bcd6-b891c14f6644,"Nano Silk 18/0 Black",Semperfli,thread,"18/0","Black","18/0",0,0
"thread||semperfli||nano silk 18/0||18/0",07d084c6-1a9f-4694-bcd6-b891c14f6644,"Nano Silk 18/0",081dffe9-f852-4d6a-a35b-4cfa9d70425e,"Nano Silk 18/0 Fluorescent Pink",Semperfli,thread,"18/0","fluorescent pink","18/0",0,0
"thread||semperfli||nano silk 18/0||18/0",07d084c6-1a9f-4694-bcd6-b891c14f6644,"Nano Silk 18/0",1e55432f-f85e-4088-bf48-121dfda92c2b,"Nano Silk 18/0 White",Semperfli,thread,"18/0","White","18/0",0,0
"thread||semperfli||nano silk 18/0||18/0",07d084c6-1a9f-4694-bcd6-b891c14f6644,"Nano Silk 18/0",6c867723-0f06-421b-983c-4f7a58f7b482,"Nano Silk 18/0 Tan",Semperfli,thread,"18/0","Tan","18/0",0,0
"thread||semperfli||nano silk 18/0||18/0",07d084c6-1a9f-4694-bcd6-b891c14f6644,"Nano Silk 18/0",9b90101f-a4ca-45fd-8787-ed7e431f822d,"Nano Silk 18/0 Hot Orange",Semperfli,thread,"18/0","Hot Orange","18/0",0,0
"thread||semperfli||nano silk 18/0||18/0",07d084c6-1a9f-4694-bcd6-b891c14f6644,"Nano Silk 18/0",aac1de9f-3a8f-4d38-aa60-4789eebb4efb,"Nano Silk 18/0 Olive",Semperfli,thread,"18/0","Olive","18/0",0,0
"thread||semperfli||nano silk 18/0||18/0",07d084c6-1a9f-4694-bcd6-b891c14f6644,"Nano Silk 18/0",c7ad6640-cfa0-4ba0-9be7-7f9df6722d8d,"Nano Silk 18/0 Gray",Semperfli,thread,"18/0","gray","18/0",0,0
"thread||semperfli||nano silk 18/0||18/0",07d084c6-1a9f-4694-bcd6-b891c14f6644,"Nano Silk 18/0",e1d25878-69e3-48c1-8236-767495c1de90,"Nano Silk 18/0 Brown",Semperfli,thread,"18/0","Brown","18/0",0,0
"thread||semperfli||nano silk 18/0||18/0",07d084c6-1a9f-4694-bcd6-b891c14f6644,"Nano Silk 18/0",f4e06905-96c5-4876-81ab-70d6e7c5ea21,"Nano Silk 18/0 Red",Semperfli,thread,"18/0","Red","18/0",0,0
"thread||uni products||uni-thread 8/0||8/0",0a878d16-0961-4141-b09c-da47444ea1fa,"UNI-Thread 8/0",0a878d16-0961-4141-b09c-da47444ea1fa,"UNI-Thread 8/0 Iron Gray",UNI Products,thread,"8/0","iron gray","8/0",0,0
"thread||uni products||uni-thread 8/0||8/0",0a878d16-0961-4141-b09c-da47444ea1fa,"UNI-Thread 8/0",10c15e10-7c6e-41a1-80db-9cc4a81c0481,"UNI-Thread 8/0 Rusty Dun",UNI Products,thread,"8/0","rusty dun","8/0",0,0
"thread||uni products||uni-thread 8/0||8/0",0a878d16-0961-4141-b09c-da47444ea1fa,"UNI-Thread 8/0",274deffa-b13c-4725-93cb-26a6c0cdf03e,"UNI-Thread 8/0 Camel",UNI Products,thread,"8/0","camel","8/0",0,0
"thread||uni products||uni-thread 8/0||8/0",0a878d16-0961-4141-b09c-da47444ea1fa,"UNI-Thread 8/0",2876efc9-b7db-424c-a429-3c21d3640a8d,"UNI-Thread 8/0 Fire Orange",UNI Products,thread,"8/0","fire orange","8/0",0,0
"thread||uni products||uni-thread 8/0||8/0",0a878d16-0961-4141-b09c-da47444ea1fa,"UNI-Thread 8/0",28a0f7ec-1edf-49e5-ab7f-c10baf3e40b3,"UNI-Thread 8/0 Black",UNI Products,thread,"8/0","black","8/0",0,0
"thread||uni products||uni-thread 8/0||8/0",0a878d16-0961-4141-b09c-da47444ea1fa,"UNI-Thread 8/0",32d337ac-2930-4933-9a6d-5052a3eed179,"UNI-Thread 8/0 Olive",UNI Products,thread,"8/0","olive","8/0",0,0
"thread||uni products||uni-thread 8/0||8/0",0a878d16-0961-4141-b09c-da47444ea1fa,"UNI-Thread 8/0",87b2c3eb-ba5e-455a-90e5-a581bbc42922,"UNI-Thread 8/0 Red",UNI Products,thread,"8/0","red","8/0",0,0
"thread||uni products||uni-thread 8/0||8/0",0a878d16-0961-4141-b09c-da47444ea1fa,"UNI-Thread 8/0",9569a43e-6bcd-4ff2-90ec-7aeb7d7764d1,"UNI-Thread 8/0 White",UNI Products,thread,"8/0","white","8/0",0,0
"feather||hareline||goose biot||",0b3e8980-ae59-481b-b8cf-bb78ce18b608,"Goose Biot",0b3e8980-ae59-481b-b8cf-bb78ce18b608,"Goose Biot BWO",Hareline,feather,"","bwo","",0,0
"feather||hareline||goose biot||",0b3e8980-ae59-481b-b8cf-bb78ce18b608,"Goose Biot",511c6cb8-2452-461c-9adc-097baed9af82,"Goose Biot Natural",Hareline,feather,"","natural","",0,0
"feather||hareline||goose biot||",0b3e8980-ae59-481b-b8cf-bb78ce18b608,"Goose Biot",51c4bc4c-7f84-44b9-8fc3-f32c883a519d,"Goose Biot Olive",Hareline,feather,"","olive","",0,0
"feather||hareline||goose biot||",0b3e8980-ae59-481b-b8cf-bb78ce18b608,"Goose Biot",86fa20e2-e35a-4065-abce-b95316ee5617,"Goose Biot Red",Hareline,feather,"","red","",0,0
"feather||hareline||goose biot||",0b3e8980-ae59-481b-b8cf-bb78ce18b608,"Goose Biot",94cc80a7-2a5f-482c-a185-cc10592802e2,"Goose Biot Orange",Hareline,feather,"","orange","",0,0
"feather||hareline||goose biot||",0b3e8980-ae59-481b-b8cf-bb78ce18b608,"Goose Biot",a3d749d5-8a5d-4ab4-b3e8-ac4715f69a70,"Goose Biot Tan",Hareline,feather,"","tan","",0,0
"feather||hareline||goose biot||",0b3e8980-ae59-481b-b8cf-bb78ce18b608,"Goose Biot",a7da90cd-456b-4d34-a0ac-2b15e500e9fe,"Goose Biot Black",Hareline,feather,"","black","",0,0
"feather||hareline||goose biot||",0b3e8980-ae59-481b-b8cf-bb78ce18b608,"Goose Biot",da3d2be7-4683-4901-906e-d63022451bf7,"Goose Biot Brown",Hareline,feather,"","brown","",0,0
"feather||hareline||cdc puffs||",a94f42b9-4e72-42e1-9d6e-db5088898ace,"CDC Puffs",2191b148-43f9-4232-8264-b76925926fc1,"CDC Puffs Brown",Hareline,feather,"","brown","",0,0
"feather||hareline||cdc puffs||",a94f42b9-4e72-42e1-9d6e-db5088898ace,"CDC Puffs",7fdec736-6dcb-4f8b-81a1-c22454479588,"CDC Puffs Natural",Hareline,feather,"","natural","",0,0
"feather||hareline||cdc puffs||",a94f42b9-4e72-42e1-9d6e-db5088898ace,"CDC Puffs",9a479f7e-fc6e-4fbb-bd7b-2390b57268e6,"CDC Puffs White",Hareline,feather,"","white","",0,0
"feather||hareline||cdc puffs||",a94f42b9-4e72-42e1-9d6e-db5088898ace,"CDC Puffs",a94f42b9-4e72-42e1-9d6e-db5088898ace,"CDC Puffs",Hareline,feather,"","","",0,0
"feather||hareline||cdc puffs||",a94f42b9-4e72-42e1-9d6e-db5088898ace,"CDC Puffs",ab3a0b69-0f9e-44c8-a033-b42421f2d08c,"CDC Puffs Olive",Hareline,feather,"","olive","",0,0
"feather||hareline||cdc puffs||",a94f42b9-4e72-42e1-9d6e-db5088898ace,"CDC Puffs",d80a6ca6-eadb-40e0-87d5-2deb0c7d77ba,"CDC Puffs Tan",Hareline,feather,"","tan","",0,0
"feather||hareline||cdc puffs||",a94f42b9-4e72-42e1-9d6e-db5088898ace,"CDC Puffs",e45c36ea-48f8-4514-bd1f-20e83d582835,"CDC Puffs Black",Hareline,feather,"","black","",0,0
"feather||hareline||cdc puffs||",a94f42b9-4e72-42e1-9d6e-db5088898ace,"CDC Puffs",f2836edb-9452-44fd-adbc-fd8c7f08f400,"CDC Puffs Dun",Hareline,feather,"","dun","",0,0
"synthetic||enrico puglisi||ep fiber||",03e9c3df-2f46-4c50-8ba5-1d2af78f66a4,"EP Fiber",03e9c3df-2f46-4c50-8ba5-1d2af78f66a4,"EP Fiber White",Enrico Puglisi,synthetic,"","white","",0,0
"synthetic||enrico puglisi||ep fiber||",03e9c3df-2f46-4c50-8ba5-1d2af78f66a4,"EP Fiber",05cbb1a5-3639-46a8-a7cf-53b88fe2ab9c,"EP Fiber Sculpin Olive",Enrico Puglisi,synthetic,"","sculpin olive","",0,0
"synthetic||enrico puglisi||ep fiber||",03e9c3df-2f46-4c50-8ba5-1d2af78f66a4,"EP Fiber",1118208e-ca18-40a3-96d9-ef431ca8c511,"EP Fiber Black",Enrico Puglisi,synthetic,"","black","",0,0
"synthetic||enrico puglisi||ep fiber||",03e9c3df-2f46-4c50-8ba5-1d2af78f66a4,"EP Fiber",69a67c96-8be5-4d56-8852-2c09d2fba999,"EP Fiber Brown",Enrico Puglisi,synthetic,"","brown","",0,0
"synthetic||enrico puglisi||ep fiber||",03e9c3df-2f46-4c50-8ba5-1d2af78f66a4,"EP Fiber",73cd52c7-a9dc-44e2-b1ec-004067265efd,"EP Fiber Chartreuse",Enrico Puglisi,synthetic,"","chartreuse","",0,0
"synthetic||enrico puglisi||ep fiber||",03e9c3df-2f46-4c50-8ba5-1d2af78f66a4,"EP Fiber",8f7e627f-ffec-428c-bfc6-4f5b2aba4836,"EP Fiber Olive",Enrico Puglisi,synthetic,"","olive","",0,0
"synthetic||enrico puglisi||ep fiber||",03e9c3df-2f46-4c50-8ba5-1d2af78f66a4,"EP Fiber",d2a7a53b-7b03-4dbd-b634-543050186776,"EP Fiber Tan",Enrico Puglisi,synthetic,"","tan","",0,0
"thread||semperfli||nano silk 8/0||8/0",069531d5-f9e6-446a-b86f-2ac13c6da10f,"Nano Silk 8/0",069531d5-f9e6-446a-b86f-2ac13c6da10f,"Nano Silk 8/0 Brown",Semperfli,thread,"8/0","Brown","8/0",0,0
"thread||semperfli||nano silk 8/0||8/0",069531d5-f9e6-446a-b86f-2ac13c6da10f,"Nano Silk 8/0",5befcf0b-5978-45de-a62d-8ddd80aa1363,"Nano Silk 8/0 Olive",Semperfli,thread,"8/0","Olive","8/0",0,0
"thread||semperfli||nano silk 8/0||8/0",069531d5-f9e6-446a-b86f-2ac13c6da10f,"Nano Silk 8/0",604e81d1-12e3-43a8-80f0-5ea6280cb57a,"Nano Silk 8/0 Black",Semperfli,thread,"8/0","Black","8/0",0,0
"thread||semperfli||nano silk 8/0||8/0",069531d5-f9e6-446a-b86f-2ac13c6da10f,"Nano Silk 8/0",7214c6af-df3b-494b-8ec1-8d3fa6bb703e,"Nano Silk 8/0 White",Semperfli,thread,"8/0","White","8/0",0,0
"thread||semperfli||nano silk 8/0||8/0",069531d5-f9e6-446a-b86f-2ac13c6da10f,"Nano Silk 8/0",8f60bb42-2253-40c2-a84d-9ceaf23b9e67,"Nano Silk 8/0 Red",Semperfli,thread,"8/0","Red","8/0",0,0
"thread||semperfli||nano silk 8/0||8/0",069531d5-f9e6-446a-b86f-2ac13c6da10f,"Nano Silk 8/0",b92778bb-d970-4993-b467-505da5155c2b,"Nano Silk 8/0 Hot Orange",Semperfli,thread,"8/0","Hot Orange","8/0",0,0
"thread||semperfli||nano silk 8/0||8/0",069531d5-f9e6-446a-b86f-2ac13c6da10f,"Nano Silk 8/0",b92ec88d-6b21-461d-ac44-d93ca32f63d6,"Nano Silk 8/0 Tan",Semperfli,thread,"8/0","Tan","8/0",0,0
"thread||semperfli||nano silk 12/0||12/0",0dede3a8-a07f-42c3-bd0d-989ddbfed340,"Nano Silk 12/0",0dede3a8-a07f-42c3-bd0d-989ddbfed340,"Nano Silk 12/0 Hot Orange",Semperfli,thread,"12/0","Hot Orange","12/0",0,0
"thread||semperfli||nano silk 12/0||12/0",0dede3a8-a07f-42c3-bd0d-989ddbfed340,"Nano Silk 12/0",1374ccd4-e1e0-4135-9ffe-373849fb4db1,"Nano Silk 12/0 Brown",Semperfli,thread,"12/0","Brown","12/0",0,0
"thread||semperfli||nano silk 12/0||12/0",0dede3a8-a07f-42c3-bd0d-989ddbfed340,"Nano Silk 12/0",21eac1be-6155-45bf-8464-98d7e03107f3,"Nano Silk 12/0 Black",Semperfli,thread,"12/0","Black","12/0",0,0
"thread||semperfli||nano silk 12/0||12/0",0dede3a8-a07f-42c3-bd0d-989ddbfed340,"Nano Silk 12/0",9b13f0cd-0611-4d81-bd83-ef9af998b2a7,"Nano Silk 12/0 White",Semperfli,thread,"12/0","White","12/0",0,0
"thread||semperfli||nano silk 12/0||12/0",0dede3a8-a07f-42c3-bd0d-989ddbfed340,"Nano Silk 12/0",aa458d9a-df7e-4f5a-8a8c-b8436a0314e8,"Nano Silk 12/0 Red",Semperfli,thread,"12/0","Red","12/0",0,0
"thread||semperfli||nano silk 12/0||12/0",0dede3a8-a07f-42c3-bd0d-989ddbfed340,"Nano Silk 12/0",b85a3eee-f8b2-4c24-b89f-597b31044b14,"Nano Silk 12/0 Olive",Semperfli,thread,"12/0","Olive","12/0",0,0
"thread||semperfli||nano silk 12/0||12/0",0dede3a8-a07f-42c3-bd0d-989ddbfed340,"Nano Silk 12/0",f3c01800-9485-4326-afaf-6e1ffce8802e,"Nano Silk 12/0 Tan",Semperfli,thread,"12/0","Tan","12/0",0,0
"feather||whiting farms||pro grade cape||",0ec6269f-103e-4fc8-ad4e-6c97f0e7799e,"Pro Grade Cape",0ec6269f-103e-4fc8-ad4e-6c97f0e7799e,"Pro Grade Cape Black",Whiting Farms,feather,"","black","",0,0
"feather||whiting farms||pro grade cape||",0ec6269f-103e-4fc8-ad4e-6c97f0e7799e,"Pro Grade Cape",847537da-fd18-4848-8581-5555d20e4f19,"Pro Grade Cape Ginger",Whiting Farms,feather,"","ginger","",0,0
"feather||whiting farms||pro grade cape||",0ec6269f-103e-4fc8-ad4e-6c97f0e7799e,"Pro Grade Cape",8b5a8ab5-e1b6-45d5-b080-e47a15a73e6d,"Pro Grade Cape Cream",Whiting Farms,feather,"","cream","",0,0
"feather||whiting farms||pro grade cape||",0ec6269f-103e-4fc8-ad4e-6c97f0e7799e,"Pro Grade Cape",971b7293-b3ac-4e14-8162-830353a29b62,"Pro Grade Cape Brown",Whiting Farms,feather,"","brown","",0,0
"feather||whiting farms||pro grade cape||",0ec6269f-103e-4fc8-ad4e-6c97f0e7799e,"Pro Grade Cape",d0523248-192a-41bc-bd7f-1744d9b1f7a5,"Pro Grade Cape Dun",Whiting Farms,feather,"","dun","",0,0
"feather||whiting farms||pro grade cape||",0ec6269f-103e-4fc8-ad4e-6c97f0e7799e,"Pro Grade Cape",e01942f3-08f8-4082-a0ac-b65625f3fccd,"Pro Grade Cape Grizzly",Whiting Farms,feather,"","grizzly","",0,0
"feather||whiting farms||pro grade cape||",0ec6269f-103e-4fc8-ad4e-6c97f0e7799e,"Pro Grade Cape",fdd53a63-5ff1-486d-a7ad-3eee55aa016d,"Pro Grade Cape White",Whiting Farms,feather,"","white","",0,0
"foam||hareline||fly foam sheet 2mm||",15e49cc2-5af9-4234-a9a1-52a963006d58,"Fly Foam Sheet 2mm",15e49cc2-5af9-4234-a9a1-52a963006d58,"Fly Foam Sheet 2mm Orange",Hareline,foam,"","orange","2mm",0,0
"foam||hareline||fly foam sheet 2mm||",15e49cc2-5af9-4234-a9a1-52a963006d58,"Fly Foam Sheet 2mm",25f39def-cffd-4e28-b542-90deb3c0f85a,"Fly Foam Sheet 2mm White",Hareline,foam,"","white","2mm",0,0
"foam||hareline||fly foam sheet 2mm||",15e49cc2-5af9-4234-a9a1-52a963006d58,"Fly Foam Sheet 2mm",5fc172f7-0ecd-47a7-b105-2407b7cec071,"Fly Foam Sheet 2mm Black",Hareline,foam,"","black","2mm",0,0
"foam||hareline||fly foam sheet 2mm||",15e49cc2-5af9-4234-a9a1-52a963006d58,"Fly Foam Sheet 2mm",6cac0e44-c04f-40e2-88b4-e1a9896bfaaf,"Fly Foam Sheet 2mm Tan",Hareline,foam,"","tan","2mm",0,0
"foam||hareline||fly foam sheet 2mm||",15e49cc2-5af9-4234-a9a1-52a963006d58,"Fly Foam Sheet 2mm",76251bdb-fa1c-4bbb-8738-71c2a227dd6b,"Fly Foam Sheet 2mm Yellow",Hareline,foam,"","yellow","2mm",0,0
"foam||hareline||fly foam sheet 2mm||",15e49cc2-5af9-4234-a9a1-52a963006d58,"Fly Foam Sheet 2mm",8ac75bda-2eaf-417e-baa0-01f9bf8c1d51,"Fly Foam Sheet 2mm Olive",Hareline,foam,"","olive","2mm",0,0
"foam||hareline||fly foam sheet 2mm||",15e49cc2-5af9-4234-a9a1-52a963006d58,"Fly Foam Sheet 2mm",be931e7c-65c4-49e8-98aa-fb8570ae1421,"Fly Foam Sheet 2mm Chartreuse",Hareline,foam,"","chartreuse","2mm",0,0
"bead||firehole||stone 3.5mm||3.5mm",25e933fb-0711-453d-af17-5ee23aded0ac,"Stone 3.5mm",1a828ea9-a345-42ec-95fa-deb8542e5792,"Stone 3.5mm Anodized Pink",FireHole,bead,"3.5mm","Anodized Pink","3.5mm",0,0
"bead||firehole||stone 3.5mm||3.5mm",25e933fb-0711-453d-af17-5ee23aded0ac,"Stone 3.5mm",1e25bd40-8bc9-4326-ad49-92c06e11aaa0,"Stone 3.5mm Anodized Blood Red",FireHole,bead,"3.5mm","Anodized Blood Red","3.5mm",0,0
"bead||firehole||stone 3.5mm||3.5mm",25e933fb-0711-453d-af17-5ee23aded0ac,"Stone 3.5mm",25e933fb-0711-453d-af17-5ee23aded0ac,"Stone 3.5mm Black Nickel",FireHole,bead,"3.5mm","Black Nickel","3.5mm",0,0
"bead||firehole||stone 3.5mm||3.5mm",25e933fb-0711-453d-af17-5ee23aded0ac,"Stone 3.5mm",8e52f177-2304-4cec-abe3-db1b5de18a15,"Stone 3.5mm Gold",FireHole,bead,"3.5mm","Gold","3.5mm",0,0
"bead||firehole||stone 3.5mm||3.5mm",25e933fb-0711-453d-af17-5ee23aded0ac,"Stone 3.5mm",9fd5d38a-4e80-4492-aed9-ab6273e8ac5b,"Stone 3.5mm Anodized Olive",FireHole,bead,"3.5mm","Anodized Olive","3.5mm",0,0
"bead||firehole||stone 3.5mm||3.5mm",25e933fb-0711-453d-af17-5ee23aded0ac,"Stone 3.5mm",d0aba380-dcb8-4c63-85fe-aa2d9b10a289,"Stone 3.5mm Mercury Silver",FireHole,bead,"3.5mm","Mercury Silver","3.5mm",0,0
"bead||firehole||stone 3.5mm||3.5mm",25e933fb-0711-453d-af17-5ee23aded0ac,"Stone 3.5mm",d412c921-36f6-4906-b437-ff5a64797bc4,"Stone 3.5mm Copper",FireHole,bead,"3.5mm","Copper","3.5mm",0,0
"foam||hareline||fly foam sheet 3mm||",1b01f09a-d260-4f99-a155-fe193a36536c,"Fly Foam Sheet 3mm",1b01f09a-d260-4f99-a155-fe193a36536c,"Fly Foam Sheet 3mm Chartreuse",Hareline,foam,"","chartreuse","3mm",0,0
"foam||hareline||fly foam sheet 3mm||",1b01f09a-d260-4f99-a155-fe193a36536c,"Fly Foam Sheet 3mm",29523adf-3001-44dc-ae89-2b92cdc2f689,"Fly Foam Sheet 3mm Orange",Hareline,foam,"","orange","3mm",0,0
"foam||hareline||fly foam sheet 3mm||",1b01f09a-d260-4f99-a155-fe193a36536c,"Fly Foam Sheet 3mm",677a6667-23cd-4db1-8015-4a09c394212d,"Fly Foam Sheet 3mm Olive",Hareline,foam,"","olive","3mm",0,0
"foam||hareline||fly foam sheet 3mm||",1b01f09a-d260-4f99-a155-fe193a36536c,"Fly Foam Sheet 3mm",8b0bfcef-a4b6-4c8e-8bda-03a50beca58a,"Fly Foam Sheet 3mm White",Hareline,foam,"","white","3mm",0,0
"foam||hareline||fly foam sheet 3mm||",1b01f09a-d260-4f99-a155-fe193a36536c,"Fly Foam Sheet 3mm",dee0dd82-e632-47b3-b2c7-f3c802bc0985,"Fly Foam Sheet 3mm Black",Hareline,foam,"","black","3mm",0,0
"foam||hareline||fly foam sheet 3mm||",1b01f09a-d260-4f99-a155-fe193a36536c,"Fly Foam Sheet 3mm",e64f9548-d8a4-41d5-8ab5-ef1c57500c7f,"Fly Foam Sheet 3mm Yellow",Hareline,foam,"","yellow","3mm",0,0
"foam||hareline||fly foam sheet 3mm||",1b01f09a-d260-4f99-a155-fe193a36536c,"Fly Foam Sheet 3mm",f2be4ab9-293e-4e30-b0d4-08a842f763d4,"Fly Foam Sheet 3mm Tan",Hareline,foam,"","tan","3mm",0,0
"foam||hareline||fly foam sheet 1mm||",211bdbe9-16b9-4088-af48-4e2904e8b122,"Fly Foam Sheet 1mm",211bdbe9-16b9-4088-af48-4e2904e8b122,"Fly Foam Sheet 1mm Tan",Hareline,foam,"","tan","1mm",0,0
"foam||hareline||fly foam sheet 1mm||",211bdbe9-16b9-4088-af48-4e2904e8b122,"Fly Foam Sheet 1mm",2b031fc6-b7c4-4d5d-ae61-93edbd1c9353,"Fly Foam Sheet 1mm Black",Hareline,foam,"","black","1mm",0,0
"foam||hareline||fly foam sheet 1mm||",211bdbe9-16b9-4088-af48-4e2904e8b122,"Fly Foam Sheet 1mm",2b0f51bf-8c3f-4e55-8b98-8b3eb1b1451d,"Fly Foam Sheet 1mm Yellow",Hareline,foam,"","yellow","1mm",0,0
"foam||hareline||fly foam sheet 1mm||",211bdbe9-16b9-4088-af48-4e2904e8b122,"Fly Foam Sheet 1mm",4a7ff3a8-dc14-4bb1-89cf-a44bdeabf662,"Fly Foam Sheet 1mm Orange",Hareline,foam,"","orange","1mm",0,0
"foam||hareline||fly foam sheet 1mm||",211bdbe9-16b9-4088-af48-4e2904e8b122,"Fly Foam Sheet 1mm",9349ad16-5791-4a2c-90a4-50e240b568a7,"Fly Foam Sheet 1mm Olive",Hareline,foam,"","olive","1mm",0,0
"foam||hareline||fly foam sheet 1mm||",211bdbe9-16b9-4088-af48-4e2904e8b122,"Fly Foam Sheet 1mm",b09553de-8f3b-45a8-bbeb-8a5c6334a1b5,"Fly Foam Sheet 1mm Chartreuse",Hareline,foam,"","chartreuse","1mm",0,0
"foam||hareline||fly foam sheet 1mm||",211bdbe9-16b9-4088-af48-4e2904e8b122,"Fly Foam Sheet 1mm",c8d37242-e52d-4156-accb-ca0a61db3463,"Fly Foam Sheet 1mm White",Hareline,foam,"","white","1mm",0,0
"foam||rainy's||foam cylinders||",26ef7dec-fca1-4617-8a5c-5e93cc8c9a44,"Foam Cylinders",26ef7dec-fca1-4617-8a5c-5e93cc8c9a44,"Foam Cylinders",Rainy's,foam,"","","1/8 inch|3/16 inch|1/4 inch|3/8 inch|1/2 inch",0,0
"foam||rainy's||foam cylinders||",26ef7dec-fca1-4617-8a5c-5e93cc8c9a44,"Foam Cylinders",3ba3b1b3-00da-41d6-8b63-4c8ad8ab610e,"Foam Cylinders Black",Rainy's,foam,"","black","small|medium|large",0,0
"foam||rainy's||foam cylinders||",26ef7dec-fca1-4617-8a5c-5e93cc8c9a44,"Foam Cylinders",7d22a8c6-5948-45db-bef8-3f1f0fe1fb8d,"Foam Cylinders Olive",Rainy's,foam,"","olive","small|medium|large",0,0
"foam||rainy's||foam cylinders||",26ef7dec-fca1-4617-8a5c-5e93cc8c9a44,"Foam Cylinders",7e303456-9951-408f-842a-9e4fb0e00a47,"Foam Cylinders Yellow",Rainy's,foam,"","yellow","small|medium|large",0,0
"foam||rainy's||foam cylinders||",26ef7dec-fca1-4617-8a5c-5e93cc8c9a44,"Foam Cylinders",a51b4077-018d-4a13-a5e3-1c1d1b4999d2,"Foam Cylinders White",Rainy's,foam,"","white","small|medium|large",0,0
"foam||rainy's||foam cylinders||",26ef7dec-fca1-4617-8a5c-5e93cc8c9a44,"Foam Cylinders",ae08db5a-8406-428f-b016-23f38beee0e4,"Foam Cylinders Tan",Rainy's,foam,"","tan","small|medium|large",0,0
"foam||rainy's||foam cylinders||",26ef7dec-fca1-4617-8a5c-5e93cc8c9a44,"Foam Cylinders",f78e0b0f-1744-481c-b0bd-c31a5f557b33,"Foam Cylinders Chartreuse",Rainy's,foam,"","chartreuse","small|medium|large",0,0
"bead||firehole||stone 3.0mm||3.0mm",2aed478f-e7ad-473c-986f-65759354cde3,"Stone 3.0mm",2aed478f-e7ad-473c-986f-65759354cde3,"Stone 3.0mm Anodized Pink",FireHole,bead,"3.0mm","Anodized Pink","3.0mm",0,0
"bead||firehole||stone 3.0mm||3.0mm",2aed478f-e7ad-473c-986f-65759354cde3,"Stone 3.0mm",42950b8f-96bb-494e-b51a-b70a089fc2d8,"Stone 3.0mm Black Nickel",FireHole,bead,"3.0mm","Black Nickel","3.0mm",0,0
"bead||firehole||stone 3.0mm||3.0mm",2aed478f-e7ad-473c-986f-65759354cde3,"Stone 3.0mm",52bf8d62-c40a-4c4e-887f-5f1b3b5f50f3,"Stone 3.0mm Gold",FireHole,bead,"3.0mm","Gold","3.0mm",0,0
"bead||firehole||stone 3.0mm||3.0mm",2aed478f-e7ad-473c-986f-65759354cde3,"Stone 3.0mm",8320751b-6261-4139-a78c-1a0a7097e920,"Stone 3.0mm Anodized Blood Red",FireHole,bead,"3.0mm","Anodized Blood Red","3.0mm",0,0
"bead||firehole||stone 3.0mm||3.0mm",2aed478f-e7ad-473c-986f-65759354cde3,"Stone 3.0mm",8c2f91b9-f36f-40a0-bc39-ec5ef74686f5,"Stone 3.0mm Copper",FireHole,bead,"3.0mm","Copper","3.0mm",0,0
"bead||firehole||stone 3.0mm||3.0mm",2aed478f-e7ad-473c-986f-65759354cde3,"Stone 3.0mm",eb53e37c-dc72-4c49-9595-efdf6211d7ce,"Stone 3.0mm Mercury Silver",FireHole,bead,"3.0mm","Mercury Silver","3.0mm",0,0
"bead||firehole||stone 3.0mm||3.0mm",2aed478f-e7ad-473c-986f-65759354cde3,"Stone 3.0mm",f728564a-c9db-4e07-9547-217bd77698e3,"Stone 3.0mm Anodized Olive",FireHole,bead,"3.0mm","Anodized Olive","3.0mm",0,0
"bead||firehole||stone 2.5mm||2.5mm",2ca8eebd-55f4-4d92-9f92-983f0167a995,"Stone 2.5mm",2ca8eebd-55f4-4d92-9f92-983f0167a995,"Stone 2.5mm Black Nickel",FireHole,bead,"2.5mm","Black Nickel","2.5mm",0,0
"bead||firehole||stone 2.5mm||2.5mm",2ca8eebd-55f4-4d92-9f92-983f0167a995,"Stone 2.5mm",4f466b04-8f20-4b10-bed5-382bcf8eed4f,"Stone 2.5mm Gold",FireHole,bead,"2.5mm","Gold","2.5mm",0,0
"bead||firehole||stone 2.5mm||2.5mm",2ca8eebd-55f4-4d92-9f92-983f0167a995,"Stone 2.5mm",57a61ba4-e93c-4ce0-8c9b-2f1c3b1f7384,"Stone 2.5mm Anodized Olive",FireHole,bead,"2.5mm","Anodized Olive","2.5mm",0,0
"bead||firehole||stone 2.5mm||2.5mm",2ca8eebd-55f4-4d92-9f92-983f0167a995,"Stone 2.5mm",b354a7e2-e382-4f3e-85a5-d6af68b8518b,"Stone 2.5mm Mercury Silver",FireHole,bead,"2.5mm","Mercury Silver","2.5mm",0,0
"bead||firehole||stone 2.5mm||2.5mm",2ca8eebd-55f4-4d92-9f92-983f0167a995,"Stone 2.5mm",c2a96302-d6ae-44f9-9ab8-bb43f8405c91,"Stone 2.5mm Copper",FireHole,bead,"2.5mm","Copper","2.5mm",0,0
"bead||firehole||stone 2.5mm||2.5mm",2ca8eebd-55f4-4d92-9f92-983f0167a995,"Stone 2.5mm",c8ec7e11-76dd-4644-ae63-401c61d60d62,"Stone 2.5mm Anodized Blood Red",FireHole,bead,"2.5mm","Anodized Blood Red","2.5mm",0,0
"bead||firehole||stone 2.5mm||2.5mm",2ca8eebd-55f4-4d92-9f92-983f0167a995,"Stone 2.5mm",dc64c270-2e1a-4354-b38d-9156332e1890,"Stone 2.5mm Anodized Pink",FireHole,bead,"2.5mm","Anodized Pink","2.5mm",0,0
"bead||firehole||stone 2.0mm||2.0mm",4541dbcc-8b52-4e4f-a21a-c8cfd757a351,"Stone 2.0mm",4541dbcc-8b52-4e4f-a21a-c8cfd757a351,"Stone 2.0mm Gold",FireHole,bead,"2.0mm","Gold","2.0mm",0,0
"bead||firehole||stone 2.0mm||2.0mm",4541dbcc-8b52-4e4f-a21a-c8cfd757a351,"Stone 2.0mm",648a74c0-fb9a-4d74-b46e-c5405982ebe0,"Stone 2.0mm Copper",FireHole,bead,"2.0mm","Copper","2.0mm",0,0
"bead||firehole||stone 2.0mm||2.0mm",4541dbcc-8b52-4e4f-a21a-c8cfd757a351,"Stone 2.0mm",7a577dab-7cf0-4490-ba21-84a2e104ba33,"Stone 2.0mm Mercury Silver",FireHole,bead,"2.0mm","Mercury Silver","2.0mm",0,0
"bead||firehole||stone 2.0mm||2.0mm",4541dbcc-8b52-4e4f-a21a-c8cfd757a351,"Stone 2.0mm",8dea0996-e288-4912-a647-b29609e880d7,"Stone 2.0mm Anodized Blood Red",FireHole,bead,"2.0mm","Anodized Blood Red","2.0mm",0,0
"bead||firehole||stone 2.0mm||2.0mm",4541dbcc-8b52-4e4f-a21a-c8cfd757a351,"Stone 2.0mm",9e0ee130-8b9f-4c6d-91bf-7075e67fa38a,"Stone 2.0mm Anodized Pink",FireHole,bead,"2.0mm","Anodized Pink","2.0mm",0,0
"bead||firehole||stone 2.0mm||2.0mm",4541dbcc-8b52-4e4f-a21a-c8cfd757a351,"Stone 2.0mm",aa683b60-903f-4d6f-997a-ebe8ab8cc062,"Stone 2.0mm Black Nickel",FireHole,bead,"2.0mm","Black Nickel","2.0mm",0,0
"bead||firehole||stone 2.0mm||2.0mm",4541dbcc-8b52-4e4f-a21a-c8cfd757a351,"Stone 2.0mm",e37605c8-bbb3-4ec9-9c3c-a7970c14a13c,"Stone 2.0mm Anodized Olive",FireHole,bead,"2.0mm","Anodized Olive","2.0mm",0,0
"feather||hareline||ostrich herl||",0a0f31d1-865c-492a-924a-9b76fc148e38,"Ostrich Herl",0a0f31d1-865c-492a-924a-9b76fc148e38,"Ostrich Herl Tan",Hareline,feather,"","tan","",0,0
"feather||hareline||ostrich herl||",0a0f31d1-865c-492a-924a-9b76fc148e38,"Ostrich Herl",23655c25-0dc0-4d48-9af2-6165ef2bd9d8,"Ostrich Herl Gray",Hareline,feather,"","gray","",0,0
"feather||hareline||ostrich herl||",0a0f31d1-865c-492a-924a-9b76fc148e38,"Ostrich Herl",2440a998-b92c-4830-bfeb-ce540c0259f9,"Ostrich Herl Olive",Hareline,feather,"","olive","",0,0
"feather||hareline||ostrich herl||",0a0f31d1-865c-492a-924a-9b76fc148e38,"Ostrich Herl",65676a09-42ce-49d0-b165-d96e38d83370,"Ostrich Herl Black",Hareline,feather,"","black","",0,0
"feather||hareline||ostrich herl||",0a0f31d1-865c-492a-924a-9b76fc148e38,"Ostrich Herl",6741034b-10c1-4b1e-93d3-90570b5e6bf8,"Ostrich Herl White",Hareline,feather,"","white","",0,0
"feather||hareline||ostrich herl||",0a0f31d1-865c-492a-924a-9b76fc148e38,"Ostrich Herl",8cae7c60-5098-4901-8aaa-14e6cbe52d84,"Ostrich Herl Brown",Hareline,feather,"","brown","",0,0
"chenille||hareline||ice chenille||",319271d9-7a04-414d-ad38-d959a5f3357f,"Ice Chenille",319271d9-7a04-414d-ad38-d959a5f3357f,"Ice Chenille White",Hareline,chenille,"","white","small|medium|large",0,0
"chenille||hareline||ice chenille||",319271d9-7a04-414d-ad38-d959a5f3357f,"Ice Chenille",358ced6c-586f-4b3a-bc94-a18127a357b4,"Ice Chenille Olive",Hareline,chenille,"","olive","small|medium|large",0,0
"chenille||hareline||ice chenille||",319271d9-7a04-414d-ad38-d959a5f3357f,"Ice Chenille",39673112-588d-455d-a571-acc3a166a1e2,"Ice Chenille Black",Hareline,chenille,"","black","small|medium|large",0,0
"chenille||hareline||ice chenille||",319271d9-7a04-414d-ad38-d959a5f3357f,"Ice Chenille",488f1baa-b0db-4bd3-ac46-eeea77f1b82e,"Ice Chenille Brown",Hareline,chenille,"","brown","small|medium|large",0,0
"chenille||hareline||ice chenille||",319271d9-7a04-414d-ad38-d959a5f3357f,"Ice Chenille",9e6f7da2-4da6-4f25-89fa-f1d9de6dd1f3,"Ice Chenille UV Chartreuse",Hareline,chenille,"","uv chartreuse","small|medium|large",0,0
"chenille||hareline||ice chenille||",319271d9-7a04-414d-ad38-d959a5f3357f,"Ice Chenille",f9285937-9910-4180-8ba4-98de0be48d08,"Ice Chenille Pearl",Hareline,chenille,"","pearl","small|medium|large",0,0
"feather||hareline||cdc feathers||",3f7317a1-9446-4932-b4ee-9354d8420a4d,"CDC Feathers",3f7317a1-9446-4932-b4ee-9354d8420a4d,"CDC Feathers Olive",Hareline,feather,"","olive","",0,0
"feather||hareline||cdc feathers||",3f7317a1-9446-4932-b4ee-9354d8420a4d,"CDC Feathers",6fd47612-4f36-4e7d-8e11-bf95c121ba0c,"CDC Feathers White",Hareline,feather,"","white","",0,0
"feather||hareline||cdc feathers||",3f7317a1-9446-4932-b4ee-9354d8420a4d,"CDC Feathers",76a54544-b18b-44cb-b414-771ec12d21f0,"CDC Feathers Natural",Hareline,feather,"","natural","",0,0
"feather||hareline||cdc feathers||",3f7317a1-9446-4932-b4ee-9354d8420a4d,"CDC Feathers",c57b7011-c2a2-4582-b8c2-1e219ba5cce7,"CDC Feathers Brown",Hareline,feather,"","brown","",0,0
"feather||hareline||cdc feathers||",3f7317a1-9446-4932-b4ee-9354d8420a4d,"CDC Feathers",fa1bd97f-05b4-44b4-887b-07da898c1b6e,"CDC Feathers Tan",Hareline,feather,"","tan","",0,0
"feather||hareline||cdc feathers||",3f7317a1-9446-4932-b4ee-9354d8420a4d,"CDC Feathers",fda645a5-232f-4b0c-8bd2-b9dc1dc2f53e,"CDC Feathers Dun",Hareline,feather,"","dun","",0,0
"bead||generic||tungsten slotted bead 2.8mm||",040fcfeb-ec6f-4fed-b7d9-9c34e14b4333,"Tungsten Slotted Bead 2.8mm",040fcfeb-ec6f-4fed-b7d9-9c34e14b4333,"Tungsten Slotted Bead 2.8mm Matte Black",Generic,bead,"","matte black","2.8mm",0,0
"bead||generic||tungsten slotted bead 2.8mm||",040fcfeb-ec6f-4fed-b7d9-9c34e14b4333,"Tungsten Slotted Bead 2.8mm",3625c829-2335-4108-bc8c-e97b55ac1ac6,"Tungsten Slotted Bead 2.8mm Black Nickel",Generic,bead,"","black nickel","2.8mm",0,0
"bead||generic||tungsten slotted bead 2.8mm||",040fcfeb-ec6f-4fed-b7d9-9c34e14b4333,"Tungsten Slotted Bead 2.8mm",6286b06f-896e-4251-948c-fee2c83711f0,"Tungsten Slotted Bead 2.8mm Copper",Generic,bead,"","copper","2.8mm",0,0
"bead||generic||tungsten slotted bead 2.8mm||",040fcfeb-ec6f-4fed-b7d9-9c34e14b4333,"Tungsten Slotted Bead 2.8mm",832bdf4d-e11b-45eb-8733-dfe41711d53c,"Tungsten Slotted Bead 2.8mm Silver",Generic,bead,"","silver","2.8mm",0,0
"bead||generic||tungsten slotted bead 2.8mm||",040fcfeb-ec6f-4fed-b7d9-9c34e14b4333,"Tungsten Slotted Bead 2.8mm",be934ba7-177d-4a8c-8c62-3de8e09fe225,"Tungsten Slotted Bead 2.8mm Gold",Generic,bead,"","gold","2.8mm",0,0
"bead||generic||tungsten slotted bead 3.0mm||",07f9e1ac-667f-4311-b769-f399d9d27dc4,"Tungsten Slotted Bead 3.0mm",07f9e1ac-667f-4311-b769-f399d9d27dc4,"Tungsten Slotted Bead 3.0mm Gold",Generic,bead,"","gold","3.0mm",0,0
"bead||generic||tungsten slotted bead 3.0mm||",07f9e1ac-667f-4311-b769-f399d9d27dc4,"Tungsten Slotted Bead 3.0mm",0f015d0c-1db1-48bd-8632-140de1a56589,"Tungsten Slotted Bead 3.0mm Matte Black",Generic,bead,"","matte black","3.0mm",0,0
"bead||generic||tungsten slotted bead 3.0mm||",07f9e1ac-667f-4311-b769-f399d9d27dc4,"Tungsten Slotted Bead 3.0mm",32a89925-a88c-434e-a649-c9f246bb8c7e,"Tungsten Slotted Bead 3.0mm Black Nickel",Generic,bead,"","black nickel","3.0mm",0,0
"bead||generic||tungsten slotted bead 3.0mm||",07f9e1ac-667f-4311-b769-f399d9d27dc4,"Tungsten Slotted Bead 3.0mm",bc680f31-b7ae-4a54-8216-b89c2c69022b,"Tungsten Slotted Bead 3.0mm Silver",Generic,bead,"","silver","3.0mm",0,0
"bead||generic||tungsten slotted bead 3.0mm||",07f9e1ac-667f-4311-b769-f399d9d27dc4,"Tungsten Slotted Bead 3.0mm",e968f244-e1b2-4592-b9f5-ca3571f00bbe,"Tungsten Slotted Bead 3.0mm Copper",Generic,bead,"","copper","3.0mm",0,0
"bead||generic||tungsten slotted bead 4.0mm||",0dd504a2-a43c-4dee-be40-8388c52acbde,"Tungsten Slotted Bead 4.0mm",0dd504a2-a43c-4dee-be40-8388c52acbde,"Tungsten Slotted Bead 4.0mm Black Nickel",Generic,bead,"","black nickel","4.0mm",0,0
"bead||generic||tungsten slotted bead 4.0mm||",0dd504a2-a43c-4dee-be40-8388c52acbde,"Tungsten Slotted Bead 4.0mm",3507720d-71ec-459f-a6e8-359b0c166d12,"Tungsten Slotted Bead 4.0mm Copper",Generic,bead,"","copper","4.0mm",0,0
"bead||generic||tungsten slotted bead 4.0mm||",0dd504a2-a43c-4dee-be40-8388c52acbde,"Tungsten Slotted Bead 4.0mm",84625e0d-faee-49e4-9f0d-4e766a8b8482,"Tungsten Slotted Bead 4.0mm Silver",Generic,bead,"","silver","4.0mm",0,0
"bead||generic||tungsten slotted bead 4.0mm||",0dd504a2-a43c-4dee-be40-8388c52acbde,"Tungsten Slotted Bead 4.0mm",895ea549-6f89-4a64-8a81-1958e5e44a7f,"Tungsten Slotted Bead 4.0mm Matte Black",Generic,bead,"","matte black","4.0mm",0,0
"bead||generic||tungsten slotted bead 4.0mm||",0dd504a2-a43c-4dee-be40-8388c52acbde,"Tungsten Slotted Bead 4.0mm",8eff28c7-9c32-49e2-815d-39891424fa38,"Tungsten Slotted Bead 4.0mm Gold",Generic,bead,"","gold","4.0mm",0,0
"bead||generic||tungsten slotted bead 2.0mm||",0e858621-9449-46b4-ac82-fc520b8db952,"Tungsten Slotted Bead 2.0mm",0e858621-9449-46b4-ac82-fc520b8db952,"Tungsten Slotted Bead 2.0mm Matte Black",Generic,bead,"","matte black","2.0mm",0,0
"bead||generic||tungsten slotted bead 2.0mm||",0e858621-9449-46b4-ac82-fc520b8db952,"Tungsten Slotted Bead 2.0mm",3c226dba-61fd-4bd4-814c-ae6fd4993f5d,"Tungsten Slotted Bead 2.0mm Copper",Generic,bead,"","copper","2.0mm",0,0
"bead||generic||tungsten slotted bead 2.0mm||",0e858621-9449-46b4-ac82-fc520b8db952,"Tungsten Slotted Bead 2.0mm",61b48c84-7cd4-4768-9b14-356e6cec6e3c,"Tungsten Slotted Bead 2.0mm Black Nickel",Generic,bead,"","black nickel","2.0mm",0,0
"bead||generic||tungsten slotted bead 2.0mm||",0e858621-9449-46b4-ac82-fc520b8db952,"Tungsten Slotted Bead 2.0mm",67e2029f-dd2b-4a00-a591-d44699283018,"Tungsten Slotted Bead 2.0mm Gold",Generic,bead,"","gold","2.0mm",0,0
"bead||generic||tungsten slotted bead 2.0mm||",0e858621-9449-46b4-ac82-fc520b8db952,"Tungsten Slotted Bead 2.0mm",f6551ba1-ea92-4568-baa6-aed5cc0f3cab,"Tungsten Slotted Bead 2.0mm Silver",Generic,bead,"","silver","2.0mm",0,0
"bead||generic||tungsten slotted bead 2.5mm||",10cdf7a1-988e-4339-a721-6296e3a95d7a,"Tungsten Slotted Bead 2.5mm",10cdf7a1-988e-4339-a721-6296e3a95d7a,"Tungsten Slotted Bead 2.5mm Copper",Generic,bead,"","copper","2.5mm",0,0
"bead||generic||tungsten slotted bead 2.5mm||",10cdf7a1-988e-4339-a721-6296e3a95d7a,"Tungsten Slotted Bead 2.5mm",274cc5e7-c0f2-4df6-82a9-d51c80c131cb,"Tungsten Slotted Bead 2.5mm Matte Black",Generic,bead,"","matte black","2.5mm",0,0
"bead||generic||tungsten slotted bead 2.5mm||",10cdf7a1-988e-4339-a721-6296e3a95d7a,"Tungsten Slotted Bead 2.5mm",477d7815-9922-49ca-b6cd-cc0d8e54cee9,"Tungsten Slotted Bead 2.5mm Gold",Generic,bead,"","gold","2.5mm",0,0
"bead||generic||tungsten slotted bead 2.5mm||",10cdf7a1-988e-4339-a721-6296e3a95d7a,"Tungsten Slotted Bead 2.5mm",a2fceca4-f569-4090-919b-31a6926090bf,"Tungsten Slotted Bead 2.5mm Silver",Generic,bead,"","silver","2.5mm",0,0
"bead||generic||tungsten slotted bead 2.5mm||",10cdf7a1-988e-4339-a721-6296e3a95d7a,"Tungsten Slotted Bead 2.5mm",deab62b7-d93b-4ae9-b1a9-b219251fb2a6,"Tungsten Slotted Bead 2.5mm Black Nickel",Generic,bead,"","black nickel","2.5mm",0,0
"bead||generic||tungsten slotted bead 3.8mm||",15c21ae2-7dd6-46f7-a35a-fbf5d0379e48,"Tungsten Slotted Bead 3.8mm",15c21ae2-7dd6-46f7-a35a-fbf5d0379e48,"Tungsten Slotted Bead 3.8mm Silver",Generic,bead,"","silver","3.8mm",0,0
"bead||generic||tungsten slotted bead 3.8mm||",15c21ae2-7dd6-46f7-a35a-fbf5d0379e48,"Tungsten Slotted Bead 3.8mm",30c77a96-a302-4aa8-8499-384534a122a7,"Tungsten Slotted Bead 3.8mm Black Nickel",Generic,bead,"","black nickel","3.8mm",0,0
"bead||generic||tungsten slotted bead 3.8mm||",15c21ae2-7dd6-46f7-a35a-fbf5d0379e48,"Tungsten Slotted Bead 3.8mm",50aef42a-756b-466a-a478-14674ddf0645,"Tungsten Slotted Bead 3.8mm Matte Black",Generic,bead,"","matte black","3.8mm",0,0
"bead||generic||tungsten slotted bead 3.8mm||",15c21ae2-7dd6-46f7-a35a-fbf5d0379e48,"Tungsten Slotted Bead 3.8mm",640a7450-483b-440d-88cb-20daebaf37e8,"Tungsten Slotted Bead 3.8mm Gold",Generic,bead,"","gold","3.8mm",0,0
"bead||generic||tungsten slotted bead 3.8mm||",15c21ae2-7dd6-46f7-a35a-fbf5d0379e48,"Tungsten Slotted Bead 3.8mm",ce356a53-e0f1-4ee8-8064-02d4f25d9d8a,"Tungsten Slotted Bead 3.8mm Copper",Generic,bead,"","copper","3.8mm",0,0
"ribbing||uni products||mylar tinsel small||",1bbb2626-5bc7-4dc2-a529-88d17e4e5dd6,"Mylar Tinsel Small",1bbb2626-5bc7-4dc2-a529-88d17e4e5dd6,"Mylar Tinsel Small Pearl",UNI Products,ribbing,"","pearl","small",0,0
"ribbing||uni products||mylar tinsel small||",1bbb2626-5bc7-4dc2-a529-88d17e4e5dd6,"Mylar Tinsel Small",73e5685e-7fef-4f40-9998-352ec9a6421e,"Mylar Tinsel Small Red/Green",UNI Products,ribbing,"","red/green","small",0,0
"ribbing||uni products||mylar tinsel small||",1bbb2626-5bc7-4dc2-a529-88d17e4e5dd6,"Mylar Tinsel Small",aebacbf6-8837-4619-9908-fd44b0a3ac21,"Mylar Tinsel Small Gold/Silver",UNI Products,ribbing,"","gold/silver","small",0,0
"ribbing||uni products||mylar tinsel small||",1bbb2626-5bc7-4dc2-a529-88d17e4e5dd6,"Mylar Tinsel Small",de4d5a58-c566-4bd1-8384-c3799d1cdeeb,"Mylar Tinsel Small Copper",UNI Products,ribbing,"","copper","small",0,0
"ribbing||uni products||mylar tinsel small||",1bbb2626-5bc7-4dc2-a529-88d17e4e5dd6,"Mylar Tinsel Small",ec1e77e8-5fd6-4236-8730-6b045d49ef3c,"Mylar Tinsel Small Black/Silver",UNI Products,ribbing,"","black/silver","small",0,0
"bead||generic||tungsten slotted bead 4.6mm||",1eedff7b-cc1d-4ad6-a87b-dec85be1423f,"Tungsten Slotted Bead 4.6mm",1eedff7b-cc1d-4ad6-a87b-dec85be1423f,"Tungsten Slotted Bead 4.6mm Silver",Generic,bead,"","silver","4.6mm",0,0
"bead||generic||tungsten slotted bead 4.6mm||",1eedff7b-cc1d-4ad6-a87b-dec85be1423f,"Tungsten Slotted Bead 4.6mm",583fed72-0de7-41d8-beda-c29162fc599a,"Tungsten Slotted Bead 4.6mm Black Nickel",Generic,bead,"","black nickel","4.6mm",0,0
"bead||generic||tungsten slotted bead 4.6mm||",1eedff7b-cc1d-4ad6-a87b-dec85be1423f,"Tungsten Slotted Bead 4.6mm",66e95023-cea4-49d0-afeb-5fdad8d20776,"Tungsten Slotted Bead 4.6mm Gold",Generic,bead,"","gold","4.6mm",0,0
"bead||generic||tungsten slotted bead 4.6mm||",1eedff7b-cc1d-4ad6-a87b-dec85be1423f,"Tungsten Slotted Bead 4.6mm",c76763ae-f421-4913-ab25-80959bc7a5dd,"Tungsten Slotted Bead 4.6mm Matte Black",Generic,bead,"","matte black","4.6mm",0,0
"bead||generic||tungsten slotted bead 4.6mm||",1eedff7b-cc1d-4ad6-a87b-dec85be1423f,"Tungsten Slotted Bead 4.6mm",e61d1689-a3f1-42cc-8ad0-6c9a44d70188,"Tungsten Slotted Bead 4.6mm Copper",Generic,bead,"","copper","4.6mm",0,0
"thread||uni products||uni-thread 6/0||6/0",2535f136-b502-453e-99f4-f3ff437c3700,"UNI-Thread 6/0",2535f136-b502-453e-99f4-f3ff437c3700,"UNI-Thread 6/0 Black",UNI Products,thread,"6/0","black","6/0",0,0
"thread||uni products||uni-thread 6/0||6/0",2535f136-b502-453e-99f4-f3ff437c3700,"UNI-Thread 6/0",9447e476-cd32-4e29-a4d9-90474d523253,"UNI-Thread 6/0 Red",UNI Products,thread,"6/0","red","6/0",0,0
"thread||uni products||uni-thread 6/0||6/0",2535f136-b502-453e-99f4-f3ff437c3700,"UNI-Thread 6/0",be2fee22-b281-47b5-bfe4-53a2bbcd5575,"UNI-Thread 6/0 White",UNI Products,thread,"6/0","white","6/0",0,0
"thread||uni products||uni-thread 6/0||6/0",2535f136-b502-453e-99f4-f3ff437c3700,"UNI-Thread 6/0",cd4e1c07-d881-4d4f-989a-9e9b2aaf267f,"UNI-Thread 6/0 Olive",UNI Products,thread,"6/0","olive","6/0",0,0
"thread||uni products||uni-thread 6/0||6/0",2535f136-b502-453e-99f4-f3ff437c3700,"UNI-Thread 6/0",eef2b2e2-1cce-4423-842a-4bcc63ed0934,"UNI-Thread 6/0 Camel",UNI Products,thread,"6/0","camel","6/0",0,0
"synthetic||hareline||thin skin||",25843d9a-c88d-4352-a96b-c2f25262a584,"Thin Skin",25843d9a-c88d-4352-a96b-c2f25262a584,"Thin Skin Golden Stone",Hareline,synthetic,"","golden stone","",0,0
"synthetic||hareline||thin skin||",25843d9a-c88d-4352-a96b-c2f25262a584,"Thin Skin",7787f826-fd48-47a2-a3f0-c3cd42565050,"Thin Skin Mottled Olive",Hareline,synthetic,"","mottled olive","",0,0
"synthetic||hareline||thin skin||",25843d9a-c88d-4352-a96b-c2f25262a584,"Thin Skin",7b9a9bf5-0348-43b2-9bc0-d01a8f87183d,"Thin Skin Black",Hareline,synthetic,"","black","",0,0
"synthetic||hareline||thin skin||",25843d9a-c88d-4352-a96b-c2f25262a584,"Thin Skin",d7581a1e-6f07-41ae-b66b-c71f16290973,"Thin Skin Mottled Oak",Hareline,synthetic,"","mottled oak","",0,0
"synthetic||hareline||thin skin||",25843d9a-c88d-4352-a96b-c2f25262a584,"Thin Skin",db6a0f85-e47f-40d3-9c31-06befece7340,"Thin Skin Brown",Hareline,synthetic,"","brown","",0,0
"bead||generic||tungsten slotted bead 3.3mm||",3b537ca0-3c5c-4ef3-a408-925d3a1602e1,"Tungsten Slotted Bead 3.3mm",3b537ca0-3c5c-4ef3-a408-925d3a1602e1,"Tungsten Slotted Bead 3.3mm Gold",Generic,bead,"","gold","3.3mm",0,0
"bead||generic||tungsten slotted bead 3.3mm||",3b537ca0-3c5c-4ef3-a408-925d3a1602e1,"Tungsten Slotted Bead 3.3mm",8404d157-6c5a-4169-928f-d439be122d25,"Tungsten Slotted Bead 3.3mm Black Nickel",Generic,bead,"","black nickel","3.3mm",0,0
"bead||generic||tungsten slotted bead 3.3mm||",3b537ca0-3c5c-4ef3-a408-925d3a1602e1,"Tungsten Slotted Bead 3.3mm",a1e24d9c-4ea1-4e4d-b3ac-996d7991efe1,"Tungsten Slotted Bead 3.3mm Silver",Generic,bead,"","silver","3.3mm",0,0
"bead||generic||tungsten slotted bead 3.3mm||",3b537ca0-3c5c-4ef3-a408-925d3a1602e1,"Tungsten Slotted Bead 3.3mm",d067a0e3-955b-4032-910a-d86edb60e415,"Tungsten Slotted Bead 3.3mm Matte Black",Generic,bead,"","matte black","3.3mm",0,0
"bead||generic||tungsten slotted bead 3.3mm||",3b537ca0-3c5c-4ef3-a408-925d3a1602e1,"Tungsten Slotted Bead 3.3mm",db474423-7349-4f6f-983f-5d5c222fe9dc,"Tungsten Slotted Bead 3.3mm Copper",Generic,bead,"","copper","3.3mm",0,0
"ribbing||uni products||mylar tinsel medium||",3b759997-d16c-4ab9-a131-bf8b607d4f1b,"Mylar Tinsel Medium",3b759997-d16c-4ab9-a131-bf8b607d4f1b,"Mylar Tinsel Medium Copper",UNI Products,ribbing,"","copper","medium",0,0
"ribbing||uni products||mylar tinsel medium||",3b759997-d16c-4ab9-a131-bf8b607d4f1b,"Mylar Tinsel Medium",3e2bf676-2659-4217-a5d4-5b092d34853d,"Mylar Tinsel Medium Gold/Silver",UNI Products,ribbing,"","gold/silver","medium",0,0
"ribbing||uni products||mylar tinsel medium||",3b759997-d16c-4ab9-a131-bf8b607d4f1b,"Mylar Tinsel Medium",9691d577-0c78-4e21-b816-45c4b37b8755,"Mylar Tinsel Medium Red/Green",UNI Products,ribbing,"","red/green","medium",0,0
"ribbing||uni products||mylar tinsel medium||",3b759997-d16c-4ab9-a131-bf8b607d4f1b,"Mylar Tinsel Medium",c00b8943-4787-4d7a-9b0b-fd254266a058,"Mylar Tinsel Medium Black/Silver",UNI Products,ribbing,"","black/silver","medium",0,0
"ribbing||uni products||mylar tinsel medium||",3b759997-d16c-4ab9-a131-bf8b607d4f1b,"Mylar Tinsel Medium",ed4072b1-9fa9-4730-800f-189facbb98d3,"Mylar Tinsel Medium Pearl",UNI Products,ribbing,"","pearl","medium",0,0
"bead||generic||tungsten slotted bead 3.5mm||",48ab40a2-1077-4760-822b-18391b0b266c,"Tungsten Slotted Bead 3.5mm",48ab40a2-1077-4760-822b-18391b0b266c,"Tungsten Slotted Bead 3.5mm Silver",Generic,bead,"","silver","3.5mm",0,0
"bead||generic||tungsten slotted bead 3.5mm||",48ab40a2-1077-4760-822b-18391b0b266c,"Tungsten Slotted Bead 3.5mm",67681f8b-ae8f-4618-9e54-2425fa5ce0bb,"Tungsten Slotted Bead 3.5mm Matte Black",Generic,bead,"","matte black","3.5mm",0,0
"bead||generic||tungsten slotted bead 3.5mm||",48ab40a2-1077-4760-822b-18391b0b266c,"Tungsten Slotted Bead 3.5mm",a931eb0b-d87b-43ed-9919-72c485075f5c,"Tungsten Slotted Bead 3.5mm Black Nickel",Generic,bead,"","black nickel","3.5mm",0,0
"bead||generic||tungsten slotted bead 3.5mm||",48ab40a2-1077-4760-822b-18391b0b266c,"Tungsten Slotted Bead 3.5mm",adb2a86c-b5c1-417e-8003-d6c19540e854,"Tungsten Slotted Bead 3.5mm Gold",Generic,bead,"","gold","3.5mm",0,0
"bead||generic||tungsten slotted bead 3.5mm||",48ab40a2-1077-4760-822b-18391b0b266c,"Tungsten Slotted Bead 3.5mm",e485b753-1444-4666-b36f-c58535111f4c,"Tungsten Slotted Bead 3.5mm Copper",Generic,bead,"","copper","3.5mm",0,0
"bead||generic||tungsten slotted bead 5.5mm||",58397e9b-4820-48d8-b725-70f4fa492f20,"Tungsten Slotted Bead 5.5mm",58397e9b-4820-48d8-b725-70f4fa492f20,"Tungsten Slotted Bead 5.5mm Silver",Generic,bead,"","silver","5.5mm",0,0
"bead||generic||tungsten slotted bead 5.5mm||",58397e9b-4820-48d8-b725-70f4fa492f20,"Tungsten Slotted Bead 5.5mm",715c8683-618e-4d89-ac5d-62ae38a44145,"Tungsten Slotted Bead 5.5mm Black Nickel",Generic,bead,"","black nickel","5.5mm",0,0
"bead||generic||tungsten slotted bead 5.5mm||",58397e9b-4820-48d8-b725-70f4fa492f20,"Tungsten Slotted Bead 5.5mm",7c162ba0-aec4-4c39-a7f5-c08f5dd9ff6c,"Tungsten Slotted Bead 5.5mm Matte Black",Generic,bead,"","matte black","5.5mm",0,0
"bead||generic||tungsten slotted bead 5.5mm||",58397e9b-4820-48d8-b725-70f4fa492f20,"Tungsten Slotted Bead 5.5mm",92a56dba-a9d5-4b7a-a719-c73e43347bbf,"Tungsten Slotted Bead 5.5mm Gold",Generic,bead,"","gold","5.5mm",0,0
"bead||generic||tungsten slotted bead 5.5mm||",58397e9b-4820-48d8-b725-70f4fa492f20,"Tungsten Slotted Bead 5.5mm",fabd6ed0-0f03-4191-ba73-1b14271a187b,"Tungsten Slotted Bead 5.5mm Copper",Generic,bead,"","copper","5.5mm",0,0
"ribbing||uni products||mylar tinsel large||",5e8b7e9c-1594-4fba-9740-b259fcadc00e,"Mylar Tinsel Large",5e8b7e9c-1594-4fba-9740-b259fcadc00e,"Mylar Tinsel Large Black/Silver",UNI Products,ribbing,"","black/silver","large",0,0
"ribbing||uni products||mylar tinsel large||",5e8b7e9c-1594-4fba-9740-b259fcadc00e,"Mylar Tinsel Large",866d7d4f-dea2-4677-bb66-ca94b43282c6,"Mylar Tinsel Large Copper",UNI Products,ribbing,"","copper","large",0,0
"ribbing||uni products||mylar tinsel large||",5e8b7e9c-1594-4fba-9740-b259fcadc00e,"Mylar Tinsel Large",ba98af51-2c52-4313-8523-7b87b44ba803,"Mylar Tinsel Large Pearl",UNI Products,ribbing,"","pearl","large",0,0
"ribbing||uni products||mylar tinsel large||",5e8b7e9c-1594-4fba-9740-b259fcadc00e,"Mylar Tinsel Large",cda3e361-0185-40d1-a85d-408383e3ecac,"Mylar Tinsel Large Gold/Silver",UNI Products,ribbing,"","gold/silver","large",0,0
"ribbing||uni products||mylar tinsel large||",5e8b7e9c-1594-4fba-9740-b259fcadc00e,"Mylar Tinsel Large",ec36940c-6a2d-4762-98de-21cb248bbf8b,"Mylar Tinsel Large Red/Green",UNI Products,ribbing,"","red/green","large",0,0
"bead||generic||tungsten slotted bead 2.3mm||",6fea8a47-20b5-4235-ab39-6b44200fb8fb,"Tungsten Slotted Bead 2.3mm",6fea8a47-20b5-4235-ab39-6b44200fb8fb,"Tungsten Slotted Bead 2.3mm Gold",Generic,bead,"","gold","2.3mm",0,0
"bead||generic||tungsten slotted bead 2.3mm||",6fea8a47-20b5-4235-ab39-6b44200fb8fb,"Tungsten Slotted Bead 2.3mm",98025cae-55f6-4d70-a457-5b69502e86ea,"Tungsten Slotted Bead 2.3mm Copper",Generic,bead,"","copper","2.3mm",0,0
"bead||generic||tungsten slotted bead 2.3mm||",6fea8a47-20b5-4235-ab39-6b44200fb8fb,"Tungsten Slotted Bead 2.3mm",bc8ea31e-200d-4a4a-895f-5a093b4380d5,"Tungsten Slotted Bead 2.3mm Matte Black",Generic,bead,"","matte black","2.3mm",0,0
"bead||generic||tungsten slotted bead 2.3mm||",6fea8a47-20b5-4235-ab39-6b44200fb8fb,"Tungsten Slotted Bead 2.3mm",db0a8857-1693-4767-b9e8-0b1fc5e3012c,"Tungsten Slotted Bead 2.3mm Black Nickel",Generic,bead,"","black nickel","2.3mm",0,0
"bead||generic||tungsten slotted bead 2.3mm||",6fea8a47-20b5-4235-ab39-6b44200fb8fb,"Tungsten Slotted Bead 2.3mm",f3ebfe06-70b8-47f6-813c-7f3c94571672,"Tungsten Slotted Bead 2.3mm Silver",Generic,bead,"","silver","2.3mm",0,0
"feather||whiting farms||hen cape||",97322434-0cf5-49c4-bc69-b3e1ffb8f4da,"Hen Cape",97322434-0cf5-49c4-bc69-b3e1ffb8f4da,"Hen Cape Brown",Whiting Farms,feather,"","brown","",0,0
"feather||whiting farms||hen cape||",97322434-0cf5-49c4-bc69-b3e1ffb8f4da,"Hen Cape",97f2367c-5789-4039-b360-d0375df3fc3c,"Hen Cape Black",Whiting Farms,feather,"","black","",0,0
"feather||whiting farms||hen cape||",97322434-0cf5-49c4-bc69-b3e1ffb8f4da,"Hen Cape",a27a13a2-860e-4fa5-b561-2768deb8a825,"Hen Cape Grizzly",Whiting Farms,feather,"","grizzly","",0,0
"feather||whiting farms||hen cape||",97322434-0cf5-49c4-bc69-b3e1ffb8f4da,"Hen Cape",dc239422-1c43-4dd7-8201-4ea2f2914d00,"Hen Cape Cream",Whiting Farms,feather,"","cream","",0,0
"feather||whiting farms||hen cape||",97322434-0cf5-49c4-bc69-b3e1ffb8f4da,"Hen Cape",faec9be8-d49a-4d25-bdba-054e70612fdc,"Hen Cape Dun",Whiting Farms,feather,"","dun","",0,0
"bead||generic||tungsten hot bead 2.8mm||",05cc77be-b460-4783-9ccd-b4f47cf7c659,"Tungsten Hot Bead 2.8mm",05cc77be-b460-4783-9ccd-b4f47cf7c659,"Tungsten Hot Bead 2.8mm Hot Chartreuse",Generic,bead,"","hot chartreuse","2.8mm",0,0
"bead||generic||tungsten hot bead 2.8mm||",05cc77be-b460-4783-9ccd-b4f47cf7c659,"Tungsten Hot Bead 2.8mm",3202a7dc-9850-46e2-8b60-7c79e6d533e1,"Tungsten Hot Bead 2.8mm Fluorescent Red",Generic,bead,"","fluorescent red","2.8mm",0,0
"bead||generic||tungsten hot bead 2.8mm||",05cc77be-b460-4783-9ccd-b4f47cf7c659,"Tungsten Hot Bead 2.8mm",a187fa73-71ec-4a68-a188-cdc5fd79f9f0,"Tungsten Hot Bead 2.8mm Hot Pink",Generic,bead,"","hot pink","2.8mm",0,0
"bead||generic||tungsten hot bead 2.8mm||",05cc77be-b460-4783-9ccd-b4f47cf7c659,"Tungsten Hot Bead 2.8mm",a5fce2c6-f92d-426d-901c-52d97a3a7455,"Tungsten Hot Bead 2.8mm Hot Orange",Generic,bead,"","hot orange","2.8mm",0,0
"bead||generic||tungsten hot bead 2.3mm||",0a51b2be-4e92-4623-8494-0d9072d0ea8e,"Tungsten Hot Bead 2.3mm",0a51b2be-4e92-4623-8494-0d9072d0ea8e,"Tungsten Hot Bead 2.3mm Hot Orange",Generic,bead,"","hot orange","2.3mm",0,0
"bead||generic||tungsten hot bead 2.3mm||",0a51b2be-4e92-4623-8494-0d9072d0ea8e,"Tungsten Hot Bead 2.3mm",97cf5807-6ab2-4c44-9c24-3e07504ebbc0,"Tungsten Hot Bead 2.3mm Fluorescent Red",Generic,bead,"","fluorescent red","2.3mm",0,0
"bead||generic||tungsten hot bead 2.3mm||",0a51b2be-4e92-4623-8494-0d9072d0ea8e,"Tungsten Hot Bead 2.3mm",b7c25fea-7298-4ce4-ba1b-3d551ee08636,"Tungsten Hot Bead 2.3mm Hot Pink",Generic,bead,"","hot pink","2.3mm",0,0
"bead||generic||tungsten hot bead 2.3mm||",0a51b2be-4e92-4623-8494-0d9072d0ea8e,"Tungsten Hot Bead 2.3mm",ecc0e300-e333-48dd-bc81-d9b36ff29a88,"Tungsten Hot Bead 2.3mm Hot Chartreuse",Generic,bead,"","hot chartreuse","2.3mm",0,0
"bead||plummeting||plummeting tungsten 3.0mm||3.0mm",0a7067ee-56a7-43c3-9840-cd4ada8a9920,"Plummeting Tungsten 3.0mm",0a7067ee-56a7-43c3-9840-cd4ada8a9920,"Plummeting Tungsten 3.0mm Hot Orange",Plummeting,bead,"3.0mm","Hot Orange","3.0mm",0,0
"bead||plummeting||plummeting tungsten 3.0mm||3.0mm",0a7067ee-56a7-43c3-9840-cd4ada8a9920,"Plummeting Tungsten 3.0mm",21c65938-e61d-4cc4-b8e4-bd8e6fbcc882,"Plummeting Tungsten 3.0mm Gold",Plummeting,bead,"3.0mm","Gold","3.0mm",0,0
"bead||plummeting||plummeting tungsten 3.0mm||3.0mm",0a7067ee-56a7-43c3-9840-cd4ada8a9920,"Plummeting Tungsten 3.0mm",74cd2970-3f6b-47bf-9d82-ed7dc2672817,"Plummeting Tungsten 3.0mm Black Nickel",Plummeting,bead,"3.0mm","Black Nickel","3.0mm",0,0
"bead||plummeting||plummeting tungsten 3.0mm||3.0mm",0a7067ee-56a7-43c3-9840-cd4ada8a9920,"Plummeting Tungsten 3.0mm",ffcd6ef7-4711-4549-9f5c-0561bc3207a3,"Plummeting Tungsten 3.0mm Copper",Plummeting,bead,"3.0mm","Copper","3.0mm",0,0
"synthetic||hareline||scud back||",0d9f1249-2f5a-460c-a517-b1d0b46eeef1,"Scud Back",0d9f1249-2f5a-460c-a517-b1d0b46eeef1,"Scud Back Clear",Hareline,synthetic,"","clear","1/8\"|3/16\"|1/4\"",0,0
"synthetic||hareline||scud back||",0d9f1249-2f5a-460c-a517-b1d0b46eeef1,"Scud Back",7db66995-5713-41a6-8463-778584ebb59b,"Scud Back Tan",Hareline,synthetic,"","tan","1/8\"|3/16\"|1/4\"",0,0
"synthetic||hareline||scud back||",0d9f1249-2f5a-460c-a517-b1d0b46eeef1,"Scud Back",adeb4c53-43ed-4a54-b5ed-e68f159d5ba8,"Scud Back Orange",Hareline,synthetic,"","orange","1/8\"|3/16\"|1/4\"",0,0
"synthetic||hareline||scud back||",0d9f1249-2f5a-460c-a517-b1d0b46eeef1,"Scud Back",fca050e0-8bba-4161-befa-684a106f4d38,"Scud Back Olive",Hareline,synthetic,"","olive","1/8\"|3/16\"|1/4\"",0,0
"bead||generic||tungsten hot bead 2.5mm||",0eab04dd-7195-4f44-8ae8-a0fbe1e7e083,"Tungsten Hot Bead 2.5mm",0eab04dd-7195-4f44-8ae8-a0fbe1e7e083,"Tungsten Hot Bead 2.5mm Fluorescent Red",Generic,bead,"","fluorescent red","2.5mm",0,0
"bead||generic||tungsten hot bead 2.5mm||",0eab04dd-7195-4f44-8ae8-a0fbe1e7e083,"Tungsten Hot Bead 2.5mm",4e0f0677-1fe4-4538-a15e-93e717ba9ba7,"Tungsten Hot Bead 2.5mm Hot Chartreuse",Generic,bead,"","hot chartreuse","2.5mm",0,0
"bead||generic||tungsten hot bead 2.5mm||",0eab04dd-7195-4f44-8ae8-a0fbe1e7e083,"Tungsten Hot Bead 2.5mm",d5b2cfc0-7da8-46d1-8989-6aed48fa321a,"Tungsten Hot Bead 2.5mm Hot Pink",Generic,bead,"","hot pink","2.5mm",0,0
"bead||generic||tungsten hot bead 2.5mm||",0eab04dd-7195-4f44-8ae8-a0fbe1e7e083,"Tungsten Hot Bead 2.5mm",ddc68816-18b4-46a5-892a-e76ce80738c0,"Tungsten Hot Bead 2.5mm Hot Orange",Generic,bead,"","hot orange","2.5mm",0,0
"bead||generic||glass bead medium||",11706835-ccd8-4182-88bc-7210d652868e,"Glass Bead medium",11706835-ccd8-4182-88bc-7210d652868e,"Glass Bead medium Amber",Generic,bead,"","amber","medium",0,0
"bead||generic||glass bead medium||",11706835-ccd8-4182-88bc-7210d652868e,"Glass Bead medium",343f821b-51bf-4176-8cdf-0aff111221be,"Glass Bead medium Olive",Generic,bead,"","olive","medium",0,0
"bead||generic||glass bead medium||",11706835-ccd8-4182-88bc-7210d652868e,"Glass Bead medium",cc35c684-ded6-4c1d-8b7d-d52d35a85365,"Glass Bead medium Root Beer",Generic,bead,"","root beer","medium",0,0
"bead||generic||glass bead medium||",11706835-ccd8-4182-88bc-7210d652868e,"Glass Bead medium",ce24802a-6173-4eab-8399-c01bfde3323b,"Glass Bead medium Clear",Generic,bead,"","clear","medium",0,0
"bead||plummeting||plummeting tungsten 2.0mm||2.0mm",1a98b7dd-c4c8-4d18-8c4a-7a335b3be5b3,"Plummeting Tungsten 2.0mm",1a98b7dd-c4c8-4d18-8c4a-7a335b3be5b3,"Plummeting Tungsten 2.0mm Hot Orange",Plummeting,bead,"2.0mm","Hot Orange","2.0mm",0,0
"bead||plummeting||plummeting tungsten 2.0mm||2.0mm",1a98b7dd-c4c8-4d18-8c4a-7a335b3be5b3,"Plummeting Tungsten 2.0mm",a46cba5b-4f85-4ecc-a5e4-65a6f921f967,"Plummeting Tungsten 2.0mm Gold",Plummeting,bead,"2.0mm","Gold","2.0mm",0,0
"bead||plummeting||plummeting tungsten 2.0mm||2.0mm",1a98b7dd-c4c8-4d18-8c4a-7a335b3be5b3,"Plummeting Tungsten 2.0mm",e4e28429-7942-4a6b-9f9e-dc3a3f5b93f1,"Plummeting Tungsten 2.0mm Copper",Plummeting,bead,"2.0mm","Copper","2.0mm",0,0
"bead||plummeting||plummeting tungsten 2.0mm||2.0mm",1a98b7dd-c4c8-4d18-8c4a-7a335b3be5b3,"Plummeting Tungsten 2.0mm",e720da07-1cbc-4769-bf30-bd3e1b6a6690,"Plummeting Tungsten 2.0mm Black Nickel",Plummeting,bead,"2.0mm","Black Nickel","2.0mm",0,0
"bead||generic||glass bead large||",26839988-e77c-422d-b858-b21cd6e165ab,"Glass Bead large",26839988-e77c-422d-b858-b21cd6e165ab,"Glass Bead large Amber",Generic,bead,"","amber","large",0,0
"bead||generic||glass bead large||",26839988-e77c-422d-b858-b21cd6e165ab,"Glass Bead large",596beedf-5a8f-4832-996f-6822abdfc797,"Glass Bead large Clear",Generic,bead,"","clear","large",0,0
"bead||generic||glass bead large||",26839988-e77c-422d-b858-b21cd6e165ab,"Glass Bead large",825491bf-ca75-4513-921d-14553f2824c1,"Glass Bead large Olive",Generic,bead,"","olive","large",0,0
"bead||generic||glass bead large||",26839988-e77c-422d-b858-b21cd6e165ab,"Glass Bead large",e20a7c85-e081-4c44-9d07-77de40d1dafb,"Glass Bead large Root Beer",Generic,bead,"","root beer","large",0,0
"bead||plummeting||plummeting tungsten 2.5mm||2.5mm",386e0148-f4d7-47fb-8c00-a975f6a9b91c,"Plummeting Tungsten 2.5mm",386e0148-f4d7-47fb-8c00-a975f6a9b91c,"Plummeting Tungsten 2.5mm Hot Orange",Plummeting,bead,"2.5mm","Hot Orange","2.5mm",0,0
"bead||plummeting||plummeting tungsten 2.5mm||2.5mm",386e0148-f4d7-47fb-8c00-a975f6a9b91c,"Plummeting Tungsten 2.5mm",87437b98-9f0d-456d-b681-f5a17ef50a3c,"Plummeting Tungsten 2.5mm Black Nickel",Plummeting,bead,"2.5mm","Black Nickel","2.5mm",0,0
"bead||plummeting||plummeting tungsten 2.5mm||2.5mm",386e0148-f4d7-47fb-8c00-a975f6a9b91c,"Plummeting Tungsten 2.5mm",e604c29d-b6ff-4113-b852-ba85169ab5dc,"Plummeting Tungsten 2.5mm Copper",Plummeting,bead,"2.5mm","Copper","2.5mm",0,0
"bead||plummeting||plummeting tungsten 2.5mm||2.5mm",386e0148-f4d7-47fb-8c00-a975f6a9b91c,"Plummeting Tungsten 2.5mm",ee310e2b-38ba-47b6-98e2-5ad212abca97,"Plummeting Tungsten 2.5mm Gold",Plummeting,bead,"2.5mm","Gold","2.5mm",0,0
"bead||plummeting||plummeting tungsten 4.0mm||4.0mm",3a8f4324-c32c-437a-8aa8-ce0e9535a5aa,"Plummeting Tungsten 4.0mm",3a8f4324-c32c-437a-8aa8-ce0e9535a5aa,"Plummeting Tungsten 4.0mm Gold",Plummeting,bead,"4.0mm","Gold","4.0mm",0,0
"bead||plummeting||plummeting tungsten 4.0mm||4.0mm",3a8f4324-c32c-437a-8aa8-ce0e9535a5aa,"Plummeting Tungsten 4.0mm",3e6acb76-05c0-45dd-b158-c2c30a22d3f6,"Plummeting Tungsten 4.0mm Black Nickel",Plummeting,bead,"4.0mm","Black Nickel","4.0mm",0,0
"bead||plummeting||plummeting tungsten 4.0mm||4.0mm",3a8f4324-c32c-437a-8aa8-ce0e9535a5aa,"Plummeting Tungsten 4.0mm",55861544-d80e-4e29-a4ab-f9fad501209e,"Plummeting Tungsten 4.0mm Hot Orange",Plummeting,bead,"4.0mm","Hot Orange","4.0mm",0,0
"bead||plummeting||plummeting tungsten 4.0mm||4.0mm",3a8f4324-c32c-437a-8aa8-ce0e9535a5aa,"Plummeting Tungsten 4.0mm",f00744d5-3740-4d4f-a61e-abed974d97af,"Plummeting Tungsten 4.0mm Copper",Plummeting,bead,"4.0mm","Copper","4.0mm",0,0
"bead||generic||tungsten hot bead 3.0mm||",4c5641cc-6cdc-4be1-b3d4-70d211a26cda,"Tungsten Hot Bead 3.0mm",4c5641cc-6cdc-4be1-b3d4-70d211a26cda,"Tungsten Hot Bead 3.0mm Fluorescent Red",Generic,bead,"","fluorescent red","3.0mm",0,0
"bead||generic||tungsten hot bead 3.0mm||",4c5641cc-6cdc-4be1-b3d4-70d211a26cda,"Tungsten Hot Bead 3.0mm",6fd660cc-e459-403e-8d04-4752e62bf713,"Tungsten Hot Bead 3.0mm Hot Pink",Generic,bead,"","hot pink","3.0mm",0,0
"bead||generic||tungsten hot bead 3.0mm||",4c5641cc-6cdc-4be1-b3d4-70d211a26cda,"Tungsten Hot Bead 3.0mm",7a779bd1-cc9d-44b5-9aa6-05e5815baa3f,"Tungsten Hot Bead 3.0mm Hot Chartreuse",Generic,bead,"","hot chartreuse","3.0mm",0,0
"bead||generic||tungsten hot bead 3.0mm||",4c5641cc-6cdc-4be1-b3d4-70d211a26cda,"Tungsten Hot Bead 3.0mm",adf35e19-6385-4a67-ac3b-72620b3c5cb8,"Tungsten Hot Bead 3.0mm Hot Orange",Generic,bead,"","hot orange","3.0mm",0,0
"bead||generic||tungsten hot bead 3.3mm||",4ed244a1-91d0-4c8f-98af-97526170e63e,"Tungsten Hot Bead 3.3mm",4ed244a1-91d0-4c8f-98af-97526170e63e,"Tungsten Hot Bead 3.3mm Hot Chartreuse",Generic,bead,"","hot chartreuse","3.3mm",0,0
"bead||generic||tungsten hot bead 3.3mm||",4ed244a1-91d0-4c8f-98af-97526170e63e,"Tungsten Hot Bead 3.3mm",56ead5e2-4e33-4134-87af-83b2e74f2505,"Tungsten Hot Bead 3.3mm Hot Orange",Generic,bead,"","hot orange","3.3mm",0,0
"bead||generic||tungsten hot bead 3.3mm||",4ed244a1-91d0-4c8f-98af-97526170e63e,"Tungsten Hot Bead 3.3mm",8b66ec13-ca6c-4985-a04b-413e326ef6e9,"Tungsten Hot Bead 3.3mm Hot Pink",Generic,bead,"","hot pink","3.3mm",0,0
"bead||generic||tungsten hot bead 3.3mm||",4ed244a1-91d0-4c8f-98af-97526170e63e,"Tungsten Hot Bead 3.3mm",f4d7de94-5b8a-433d-8849-cadeefe5aa6f,"Tungsten Hot Bead 3.3mm Fluorescent Red",Generic,bead,"","fluorescent red","3.3mm",0,0
"rubber||hareline||barred sili legs||",53ac85f3-4208-4d60-81de-7ee96e0e1a24,"Barred Sili Legs",53ac85f3-4208-4d60-81de-7ee96e0e1a24,"Barred Sili Legs Olive/Black",Hareline,rubber,"","olive/black","",0,0
"rubber||hareline||barred sili legs||",53ac85f3-4208-4d60-81de-7ee96e0e1a24,"Barred Sili Legs",642df5ac-587a-4159-a394-2bdbdb12a988,"Barred Sili Legs Tan/Brown",Hareline,rubber,"","tan/brown","",0,0
"rubber||hareline||barred sili legs||",53ac85f3-4208-4d60-81de-7ee96e0e1a24,"Barred Sili Legs",998fbe1e-78ca-44b2-b481-f72a7331498c,"Barred Sili Legs White/Black",Hareline,rubber,"","white/black","",0,0
"rubber||hareline||barred sili legs||",53ac85f3-4208-4d60-81de-7ee96e0e1a24,"Barred Sili Legs",a2890c21-b182-4a0b-8716-a2af8ca4eae6,"Barred Sili Legs Chartreuse/Black",Hareline,rubber,"","chartreuse/black","",0,0
"bead||generic||glass bead small||",5bc1f69d-f7a1-419e-9917-3009af279682,"Glass Bead small",5bc1f69d-f7a1-419e-9917-3009af279682,"Glass Bead small Clear",Generic,bead,"","clear","small",0,0
"bead||generic||glass bead small||",5bc1f69d-f7a1-419e-9917-3009af279682,"Glass Bead small",6937b1de-480b-4816-89a8-b82cb524aadb,"Glass Bead small Olive",Generic,bead,"","olive","small",0,0
"bead||generic||glass bead small||",5bc1f69d-f7a1-419e-9917-3009af279682,"Glass Bead small",7d6ce739-2f5f-4592-8c4a-4136598263d0,"Glass Bead small Amber",Generic,bead,"","amber","small",0,0
"bead||generic||glass bead small||",5bc1f69d-f7a1-419e-9917-3009af279682,"Glass Bead small",9d48f846-30e3-48e5-ac23-00f10157bdd3,"Glass Bead small Root Beer",Generic,bead,"","root beer","small",0,0
"bead||plummeting||plummeting tungsten 3.5mm||3.5mm",6abb6e56-ac3c-4d33-adb6-310010a29e47,"Plummeting Tungsten 3.5mm",6abb6e56-ac3c-4d33-adb6-310010a29e47,"Plummeting Tungsten 3.5mm Black Nickel",Plummeting,bead,"3.5mm","Black Nickel","3.5mm",0,0
"bead||plummeting||plummeting tungsten 3.5mm||3.5mm",6abb6e56-ac3c-4d33-adb6-310010a29e47,"Plummeting Tungsten 3.5mm",787cbc66-8512-4e9d-8feb-f573556ddac5,"Plummeting Tungsten 3.5mm Copper",Plummeting,bead,"3.5mm","Copper","3.5mm",0,0
"bead||plummeting||plummeting tungsten 3.5mm||3.5mm",6abb6e56-ac3c-4d33-adb6-310010a29e47,"Plummeting Tungsten 3.5mm",9ff05624-4809-40c2-ab02-a523093fb390,"Plummeting Tungsten 3.5mm Hot Orange",Plummeting,bead,"3.5mm","Hot Orange","3.5mm",0,0
"bead||plummeting||plummeting tungsten 3.5mm||3.5mm",6abb6e56-ac3c-4d33-adb6-310010a29e47,"Plummeting Tungsten 3.5mm",d74d5305-d3c9-4814-8a9e-529e6dff046a,"Plummeting Tungsten 3.5mm Gold",Plummeting,bead,"3.5mm","Gold","3.5mm",0,0
"bead||generic||tungsten hot bead 3.5mm||",7adef30b-89df-4076-8dd4-3b33f20bae87,"Tungsten Hot Bead 3.5mm",7adef30b-89df-4076-8dd4-3b33f20bae87,"Tungsten Hot Bead 3.5mm Hot Orange",Generic,bead,"","hot orange","3.5mm",0,0
"bead||generic||tungsten hot bead 3.5mm||",7adef30b-89df-4076-8dd4-3b33f20bae87,"Tungsten Hot Bead 3.5mm",a15fe12e-c0da-4e78-a15c-d5d9e14a04d9,"Tungsten Hot Bead 3.5mm Hot Chartreuse",Generic,bead,"","hot chartreuse","3.5mm",0,0
"bead||generic||tungsten hot bead 3.5mm||",7adef30b-89df-4076-8dd4-3b33f20bae87,"Tungsten Hot Bead 3.5mm",b15e707b-e260-4ff3-a3a6-9bd743da54f3,"Tungsten Hot Bead 3.5mm Hot Pink",Generic,bead,"","hot pink","3.5mm",0,0
"bead||generic||tungsten hot bead 3.5mm||",7adef30b-89df-4076-8dd4-3b33f20bae87,"Tungsten Hot Bead 3.5mm",ff586c6e-3bcd-4b87-aaff-e347ca75f376,"Tungsten Hot Bead 3.5mm Fluorescent Red",Generic,bead,"","fluorescent red","3.5mm",0,0
"bead||generic||tungsten countersunk 4.0mm||",0249d6ad-d9c8-42cc-bdd1-7cd35985afd9,"Tungsten Countersunk 4.0mm",0249d6ad-d9c8-42cc-bdd1-7cd35985afd9,"Tungsten Countersunk 4.0mm Copper",Generic,bead,"","copper","4.0mm",0,0
"bead||generic||tungsten countersunk 4.0mm||",0249d6ad-d9c8-42cc-bdd1-7cd35985afd9,"Tungsten Countersunk 4.0mm",294fee4d-b60d-4ce7-b94c-5a0e139491d5,"Tungsten Countersunk 4.0mm Black Nickel",Generic,bead,"","black nickel","4.0mm",0,0
"bead||generic||tungsten countersunk 4.0mm||",0249d6ad-d9c8-42cc-bdd1-7cd35985afd9,"Tungsten Countersunk 4.0mm",ab69e2e8-e455-4bf9-883e-3a55151ac8e7,"Tungsten Countersunk 4.0mm Gold",Generic,bead,"","gold","4.0mm",0,0
"ribbing||uni products||french tinsel large||",0e7808f4-8370-444e-9282-a7405c47a787,"French Tinsel Large",0e7808f4-8370-444e-9282-a7405c47a787,"French Tinsel Large Silver",UNI Products,ribbing,"","silver","large",0,0
"ribbing||uni products||french tinsel large||",0e7808f4-8370-444e-9282-a7405c47a787,"French Tinsel Large",23b40cd5-1ffa-485a-864a-274193fa051d,"French Tinsel Large Copper",UNI Products,ribbing,"","copper","large",0,0
"ribbing||uni products||french tinsel large||",0e7808f4-8370-444e-9282-a7405c47a787,"French Tinsel Large",ac1ab86e-afd9-4abd-8054-e90a0bd1a0c1,"French Tinsel Large Gold",UNI Products,ribbing,"","gold","large",0,0
"bead||generic||brass bead 3.5mm||",11479957-a496-4eb5-8ff2-91f001d49bac,"Brass Bead 3.5mm",11479957-a496-4eb5-8ff2-91f001d49bac,"Brass Bead 3.5mm Gold",Generic,bead,"","gold","3.5mm",0,0
"bead||generic||brass bead 3.5mm||",11479957-a496-4eb5-8ff2-91f001d49bac,"Brass Bead 3.5mm",95e9d517-06b5-4d8c-9581-9d3a0c662438,"Brass Bead 3.5mm Black Nickel",Generic,bead,"","black nickel","3.5mm",0,0
"bead||generic||brass bead 3.5mm||",11479957-a496-4eb5-8ff2-91f001d49bac,"Brass Bead 3.5mm",fe96066c-c710-49b9-b26e-7d1deef078c0,"Brass Bead 3.5mm Copper",Generic,bead,"","copper","3.5mm",0,0
"ribbing||uni products||french tinsel medium||",130bf55f-5962-4ce0-8e50-ae9ed9afe9f4,"French Tinsel Medium",130bf55f-5962-4ce0-8e50-ae9ed9afe9f4,"French Tinsel Medium Gold",UNI Products,ribbing,"","gold","medium",0,0
"ribbing||uni products||french tinsel medium||",130bf55f-5962-4ce0-8e50-ae9ed9afe9f4,"French Tinsel Medium",f84c9ddc-fce4-4bd8-be20-070a2cb64cdc,"French Tinsel Medium Copper",UNI Products,ribbing,"","copper","medium",0,0
"ribbing||uni products||french tinsel medium||",130bf55f-5962-4ce0-8e50-ae9ed9afe9f4,"French Tinsel Medium",f9b542af-832f-428e-9cdb-11a347825ab6,"French Tinsel Medium Silver",UNI Products,ribbing,"","silver","medium",0,0
"bead||generic||tungsten countersunk 2.0mm||",21e5d240-a5ce-4b5a-a22f-3e16bdfcabeb,"Tungsten Countersunk 2.0mm",21e5d240-a5ce-4b5a-a22f-3e16bdfcabeb,"Tungsten Countersunk 2.0mm Copper",Generic,bead,"","copper","2.0mm",0,0
"bead||generic||tungsten countersunk 2.0mm||",21e5d240-a5ce-4b5a-a22f-3e16bdfcabeb,"Tungsten Countersunk 2.0mm",2eea91a6-5295-486d-b1d5-badccae5c70d,"Tungsten Countersunk 2.0mm Gold",Generic,bead,"","gold","2.0mm",0,0
"bead||generic||tungsten countersunk 2.0mm||",21e5d240-a5ce-4b5a-a22f-3e16bdfcabeb,"Tungsten Countersunk 2.0mm",6da50733-70df-407b-ae1f-00d564a883e7,"Tungsten Countersunk 2.0mm Black Nickel",Generic,bead,"","black nickel","2.0mm",0,0
"bead||generic||brass bead 2.0mm||",249a1684-1cee-4a21-bcca-4347e35e60af,"Brass Bead 2.0mm",249a1684-1cee-4a21-bcca-4347e35e60af,"Brass Bead 2.0mm Black Nickel",Generic,bead,"","black nickel","2.0mm",0,0
"bead||generic||brass bead 2.0mm||",249a1684-1cee-4a21-bcca-4347e35e60af,"Brass Bead 2.0mm",cd272113-b8c1-48b1-9aed-4406fafbefc3,"Brass Bead 2.0mm Gold",Generic,bead,"","gold","2.0mm",0,0
"bead||generic||brass bead 2.0mm||",249a1684-1cee-4a21-bcca-4347e35e60af,"Brass Bead 2.0mm",da1eade6-53b4-4ef6-b786-6339e840008f,"Brass Bead 2.0mm Copper",Generic,bead,"","copper","2.0mm",0,0
"bead||generic||brass bead 4.0mm||",2830648e-2862-45e7-93f4-e31c2cc5c70d,"Brass Bead 4.0mm",2830648e-2862-45e7-93f4-e31c2cc5c70d,"Brass Bead 4.0mm Copper",Generic,bead,"","copper","4.0mm",0,0
"bead||generic||brass bead 4.0mm||",2830648e-2862-45e7-93f4-e31c2cc5c70d,"Brass Bead 4.0mm",2a3086c5-6422-4c57-9cf1-b6bf8b53a3ed,"Brass Bead 4.0mm Gold",Generic,bead,"","gold","4.0mm",0,0
"bead||generic||brass bead 4.0mm||",2830648e-2862-45e7-93f4-e31c2cc5c70d,"Brass Bead 4.0mm",5dca69b0-28be-43a5-9490-f0e1ad6c9507,"Brass Bead 4.0mm Black Nickel",Generic,bead,"","black nickel","4.0mm",0,0
"ribbing||uni products||french tinsel small||",2bce1585-9927-46ec-b2c5-7496fa4a6b2f,"French Tinsel Small",2bce1585-9927-46ec-b2c5-7496fa4a6b2f,"French Tinsel Small Copper",UNI Products,ribbing,"","copper","small",0,0
"ribbing||uni products||french tinsel small||",2bce1585-9927-46ec-b2c5-7496fa4a6b2f,"French Tinsel Small",83d490d2-e9aa-408f-9dcb-bc4c7d2232e5,"French Tinsel Small Gold",UNI Products,ribbing,"","gold","small",0,0
"ribbing||uni products||french tinsel small||",2bce1585-9927-46ec-b2c5-7496fa4a6b2f,"French Tinsel Small",be64d46f-0afb-4f72-8203-9b2481c77961,"French Tinsel Small Silver",UNI Products,ribbing,"","silver","small",0,0
"bead||generic||brass bead 2.5mm||",2f6f11b4-217a-4265-b0fe-d4938636da3a,"Brass Bead 2.5mm",2f6f11b4-217a-4265-b0fe-d4938636da3a,"Brass Bead 2.5mm Black Nickel",Generic,bead,"","black nickel","2.5mm",0,0
"bead||generic||brass bead 2.5mm||",2f6f11b4-217a-4265-b0fe-d4938636da3a,"Brass Bead 2.5mm",395df320-35e2-43b6-b53b-fa02f551373b,"Brass Bead 2.5mm Copper",Generic,bead,"","copper","2.5mm",0,0
"bead||generic||brass bead 2.5mm||",2f6f11b4-217a-4265-b0fe-d4938636da3a,"Brass Bead 2.5mm",e720ae44-cb9f-499b-9145-272568be1e47,"Brass Bead 2.5mm Gold",Generic,bead,"","gold","2.5mm",0,0
"bead||generic||brass bead 3.0mm||",3a595e09-73f8-4ba2-80c3-0295e9ed82ba,"Brass Bead 3.0mm",3a595e09-73f8-4ba2-80c3-0295e9ed82ba,"Brass Bead 3.0mm Gold",Generic,bead,"","gold","3.0mm",0,0
"bead||generic||brass bead 3.0mm||",3a595e09-73f8-4ba2-80c3-0295e9ed82ba,"Brass Bead 3.0mm",c778a8f0-de18-4793-8e8b-d0b9d709bc04,"Brass Bead 3.0mm Copper",Generic,bead,"","copper","3.0mm",0,0
"bead||generic||brass bead 3.0mm||",3a595e09-73f8-4ba2-80c3-0295e9ed82ba,"Brass Bead 3.0mm",fcae7ad9-6493-45ff-90d1-d152cfaed1bf,"Brass Bead 3.0mm Black Nickel",Generic,bead,"","black nickel","3.0mm",0,0
"bead||generic||tungsten countersunk 2.5mm||",4ea8035e-b34a-45f2-85b6-b0101b486708,"Tungsten Countersunk 2.5mm",4ea8035e-b34a-45f2-85b6-b0101b486708,"Tungsten Countersunk 2.5mm Black Nickel",Generic,bead,"","black nickel","2.5mm",0,0
"bead||generic||tungsten countersunk 2.5mm||",4ea8035e-b34a-45f2-85b6-b0101b486708,"Tungsten Countersunk 2.5mm",84932777-d447-487c-8a1d-8ae04e49772b,"Tungsten Countersunk 2.5mm Gold",Generic,bead,"","gold","2.5mm",0,0
"bead||generic||tungsten countersunk 2.5mm||",4ea8035e-b34a-45f2-85b6-b0101b486708,"Tungsten Countersunk 2.5mm",d6eca4ee-a35b-4c12-a208-fe1c8b88e2bc,"Tungsten Countersunk 2.5mm Copper",Generic,bead,"","copper","2.5mm",0,0
"bead||generic||tungsten countersunk 3.0mm||",5eb3e4d7-f414-4bf9-9b8f-d2b703cd3819,"Tungsten Countersunk 3.0mm",5eb3e4d7-f414-4bf9-9b8f-d2b703cd3819,"Tungsten Countersunk 3.0mm Gold",Generic,bead,"","gold","3.0mm",0,0
"bead||generic||tungsten countersunk 3.0mm||",5eb3e4d7-f414-4bf9-9b8f-d2b703cd3819,"Tungsten Countersunk 3.0mm",70458dcc-7a63-4e78-8927-7a763ce6820a,"Tungsten Countersunk 3.0mm Black Nickel",Generic,bead,"","black nickel","3.0mm",0,0
"bead||generic||tungsten countersunk 3.0mm||",5eb3e4d7-f414-4bf9-9b8f-d2b703cd3819,"Tungsten Countersunk 3.0mm",f8bfc7a7-2aa0-4432-b494-51a5a99dacbe,"Tungsten Countersunk 3.0mm Copper",Generic,bead,"","copper","3.0mm",0,0
"bead||generic||tungsten countersunk 3.5mm||",82df84a2-c4c7-4379-bd5d-4deda55f2657,"Tungsten Countersunk 3.5mm",82df84a2-c4c7-4379-bd5d-4deda55f2657,"Tungsten Countersunk 3.5mm Copper",Generic,bead,"","copper","3.5mm",0,0
"bead||generic||tungsten countersunk 3.5mm||",82df84a2-c4c7-4379-bd5d-4deda55f2657,"Tungsten Countersunk 3.5mm",90d3677d-5f08-4591-898e-6a4b8b85a9f8,"Tungsten Countersunk 3.5mm Black Nickel",Generic,bead,"","black nickel","3.5mm",0,0
"bead||generic||tungsten countersunk 3.5mm||",82df84a2-c4c7-4379-bd5d-4deda55f2657,"Tungsten Countersunk 3.5mm",c12f759d-c8ed-489d-aadd-296b65e724be,"Tungsten Countersunk 3.5mm Gold",Generic,bead,"","gold","3.5mm",0,0
"thread||veevus||veevus gsp 150d||150d",11ad9074-862b-44c4-9b6e-ee86ac4f98b4,"Veevus GSP 150D",11ad9074-862b-44c4-9b6e-ee86ac4f98b4,"Veevus GSP 150D Black",Veevus,thread,"150D","black","150D",0,0
"thread||veevus||veevus gsp 150d||150d",11ad9074-862b-44c4-9b6e-ee86ac4f98b4,"Veevus GSP 150D",9f999798-9615-47c9-9303-3a47d91e0692,"Veevus GSP 150D White",Veevus,thread,"150D","white","150D",0,0
"thread||veevus||veevus gsp 200d||200d",19ef8fef-aaae-40c6-8329-c7bc7054b87b,"Veevus GSP 200D",19ef8fef-aaae-40c6-8329-c7bc7054b87b,"Veevus GSP 200D Black",Veevus,thread,"200D","black","200D",0,0
"thread||veevus||veevus gsp 200d||200d",19ef8fef-aaae-40c6-8329-c7bc7054b87b,"Veevus GSP 200D",58f32dfc-db26-4a3e-aeba-96ed37d6f2e1,"Veevus GSP 200D White",Veevus,thread,"200D","white","200D",0,0
"thread||veevus||veevus gsp 50d||50d",34553cc1-130d-479a-868b-740126644a5b,"Veevus GSP 50D",34553cc1-130d-479a-868b-740126644a5b,"Veevus GSP 50D White",Veevus,thread,"50D","white","50D",0,0
"thread||veevus||veevus gsp 50d||50d",34553cc1-130d-479a-868b-740126644a5b,"Veevus GSP 50D",858a8c24-6246-459a-89b6-ad0d93d621b5,"Veevus GSP 50D Black",Veevus,thread,"50D","black","50D",0,0
"thread||veevus||veevus monofil 0.20mm||0.20mm",5ea5d91d-60b5-4018-9bd7-03b0a5a9a81d,"Veevus Monofil 0.20mm",5ea5d91d-60b5-4018-9bd7-03b0a5a9a81d,"Veevus Monofil 0.20mm Black",Veevus,thread,"0.20mm","black","0.20mm",0,0
"thread||veevus||veevus monofil 0.20mm||0.20mm",5ea5d91d-60b5-4018-9bd7-03b0a5a9a81d,"Veevus Monofil 0.20mm",b8515aab-d512-48e1-b992-a083de73aa27,"Veevus Monofil 0.20mm Clear",Veevus,thread,"0.20mm","clear","0.20mm",0,0
"thread||veevus||veevus gsp 100d||100d",7f4095af-e046-4283-912a-a4d159cfa3d1,"Veevus GSP 100D",7f4095af-e046-4283-912a-a4d159cfa3d1,"Veevus GSP 100D White",Veevus,thread,"100D","white","100D",0,0
"thread||veevus||veevus gsp 100d||100d",7f4095af-e046-4283-912a-a4d159cfa3d1,"Veevus GSP 100D",f7025eec-7584-4276-ae8e-606f24815484,"Veevus GSP 100D Black",Veevus,thread,"100D","black","100D",0,0
"thread||veevus||veevus monofil 0.10mm||0.10mm",8168d653-58f9-45c4-ac8c-b12a6daf4f41,"Veevus Monofil 0.10mm",8168d653-58f9-45c4-ac8c-b12a6daf4f41,"Veevus Monofil 0.10mm Clear",Veevus,thread,"0.10mm","clear","0.10mm",0,0
"thread||veevus||veevus monofil 0.10mm||0.10mm",8168d653-58f9-45c4-ac8c-b12a6daf4f41,"Veevus Monofil 0.10mm",e2659117-7add-4d66-a91c-c4da38417302,"Veevus Monofil 0.10mm Black",Veevus,thread,"0.10mm","black","0.10mm",0,0
"dubbing||hareline||hares ear dubbing||",ed1031da-8cd5-4140-8aef-d43e5ee51cf7,"Hares Ear Dubbing",ed1031da-8cd5-4140-8aef-d43e5ee51cf7,"Hares Ear Dubbing Dark",Hareline,dubbing,"","dark","",0,0
"dubbing||hareline||hares ear dubbing||",ed1031da-8cd5-4140-8aef-d43e5ee51cf7,"Hares Ear Dubbing",f6f4b50f-633b-46f8-8e94-ea1d5f6e7f9b,"Hares Ear Dubbing Natural",Hareline,dubbing,"","natural","",0,0